date,open,high,close,low,volume,price_change,p_change,ma5,ma10,ma20,v_ma5,v_ma10,v_ma20,turnover,halt
2013-10-21,9.09,9.87,9.61,8.96,481800.25,0.54,5.95,9.61,9.61,9.61,481800.25,481800.25,481800.25,3.52,0
2013-10-22,9.62,9.88,9.33,9.3,468443.03,-0.28,-2.91,9.47,9.47,9.47,475121.64,475121.64,475121.64,3.42,0
2013-10-23,9.3,9.42,8.66,8.5,440708.16,-0.67,-7.18,9.2,9.2,9.2,463650.48,463650.48,463650.48,3.22,0
2013-10-24,8.68,9.02,8.74,8.6,308022.91,0.08,0.92,9.085,9.085,9.085,424743.59,424743.59,424743.59,2.25,0
2013-10-25,8.74,8.85,8.55,8.22,300423.81,-0.19,-2.17,8.978,8.978,8.978,399879.63,399879.63,399879.63,2.2,0
2013-10-28,8.64,9.18,8.94,8.57,306812.03,0.39,4.56,8.844,8.972,8.972,364881.99,384368.37,384368.37,2.24,0
2013-10-29,8.94,9.03,8.67,8.2,278081.78,-0.27,-3.02,8.712,8.929,8.929,326809.74,369184.57,369184.57,2.03,0
2013-10-30,8.68,8.89,8.8,8.6,204428.48,0.13,1.5,8.74,8.913,8.913,279553.8,348590.06,348590.06,1.49,0
2013-10-31,8.89,8.95,8.78,8.52,241429.89,-0.02,-0.23,8.748,8.898,8.898,266235.2,336683.37,336683.37,1.76,0
2013-11-01,8.78,9.15,8.77,8.62,225262.73,-0.01,-0.11,8.792,8.885,8.885,251202.98,325541.31,325541.31,1.65,0
2013-11-04,0.0,0.0,0.0,0.0,0.0,0.0,0.0,0.0,0.0,0.0,0.0,0.0,0.0,0.0,1
2013-11-05,9.14,9.14,8.66,8.2,431869.38,-0.11,-1.25,8.736,8.79,8.865,276214.45,320548.22,335207.5,3.16,0
2013-11-06,8.58,8.86,8.48,8.42,336396.44,-0.18,-2.08,8.698,8.705,8.833,287877.38,307343.56,335306.57,2.46,0
2013-11-07,8.38,8.53,8.24,8.23,165627.86,-0.24,-2.83,8.586,8.663,8.787,280117.26,279835.53,322254.37,1.21,0
2013-11-08,8.24,8.41,8.31,8.12,124168.09,0.07,0.85,8.492,8.62,8.753,256664.9,261450.05,308105.35,0.91,0
2013-11-11,8.37,8.43,8.21,7.81,260304.48,-0.1,-1.2,8.38,8.586,8.717,263673.25,257438.12,304918.62,1.9,0
2013-11-12,8.1,8.1,7.86,7.77,400236.91,-0.35,-4.26,8.22,8.478,8.663,257346.76,266780.6,310876.01,2.93,0
2013-11-13,7.85,7.97,7.65,7.53,379020.91,-0.21,-2.67,8.054,8.376,8.604,265871.65,276874.52,314884.54,2.77,0
2013-11-14,7.65,7.93,7.73,7.53,267713.44,0.08,1.05,7.952,8.269,8.555,286288.77,283203.01,312263.92,1.96,0
2013-11-15,7.67,8.07,7.86,7.67,348257.59,0.13,1.68,7.862,8.177,8.518,331106.67,293885.78,314158.32,2.55,0
2013-11-18,8.02,8.08,8.04,7.86,363577.12,0.18,2.29,7.828,8.104,8.495,351761.19,307717.22,316629.26,2.66,0
2013-11-19,7.97,8.1,8.02,7.95,256565.06,-0.02,-0.25,7.86,8.04,8.415,323026.82,290186.79,305367.51,1.88,0
2013-11-20,8.06,8.08,7.79,7.73,449369.62,-0.23,-2.87,7.888,7.971,8.338,337096.57,301484.11,304413.83,3.28,0
2013-11-21,7.79,7.99,7.93,7.61,292355.12,0.14,1.8,7.928,7.94,8.302,342024.9,314156.83,296996.18,2.14,0
2013-11-22,7.95,7.95,7.8,7.78,205793.53,-0.13,-1.64,7.916,7.889,8.255,313532.09,322319.38,291884.71,1.5,0
2013-11-25,7.82,8.09,7.95,7.75,230944.5,0.15,1.92,7.898,7.863,8.225,287005.57,319383.38,288410.75,1.69,0
2013-11-26,7.9,8.66,8.49,7.9,535402.31,0.54,6.79,7.992,7.926,8.202,342773.02,332899.92,299840.26,3.91,0
2013-11-27,8.38,8.55,8.47,8.31,249534.45,-0.02,-0.24,8.128,8.008,8.192,302805.98,319951.27,298412.9,1.82,0
2013-11-28,8.44,8.55,8.5,8.39,198551.89,0.03,0.35,8.242,8.085,8.177,284045.34,313035.12,298119.07,1.45,0
2013-11-29,8.55,8.77,8.5,8.44,190752.59,0.0,0.0,8.382,8.149,8.163,281037.15,297284.62,295585.2,1.39,0
2013-12-02,8.5,8.5,8.03,8.02,290190.69,-0.47,-5.53,8.398,8.148,8.126,292886.39,289945.98,298831.6,2.12,0
2013-12-03,8.02,8.38,8.28,7.98,125922.54,0.25,3.11,8.356,8.174,8.107,210990.43,276881.72,283534.26,0.92,0
2013-12-04,8.29,8.56,8.42,8.29,134174.05,0.14,1.69,8.346,8.237,8.104,187918.35,245362.17,273423.14,0.98,0
2013-12-05,8.47,8.56,8.4,8.37,195569.06,-0.02,-0.24,8.326,8.284,8.112,187321.79,235683.56,274920.2,1.43,0
2013-12-06,8.4,8.46,8.36,8.28,84799.34,-0.04,-0.48,8.298,8.34,8.115,166131.14,223584.14,272951.76,0.62,0
2013-12-09,8.39,8.55,8.28,8.18,293819.56,-0.08,-0.96,8.348,8.373,8.118,166856.91,229871.65,274627.51,2.15,0
2013-12-10,8.27,8.78,8.6,8.22,411758.47,0.32,3.87,8.412,8.384,8.155,224024.1,217507.26,275203.59,3.01,0
2013-12-11,8.45,8.66,8.55,8.45,206748.5,-0.05,-0.58,8.438,8.392,8.2,238538.99,213228.67,266589.97,1.51,0
2013-12-12,8.55,8.62,8.49,8.48,126811.72,-0.06,-0.7,8.456,8.391,8.238,224787.52,206054.65,259544.89,0.93,0
2013-12-13,8.43,8.52,8.36,8.32,122597.81,-0.13,-1.53,8.456,8.377,8.263,232347.21,199239.17,248261.9,0.9,0
2013-12-16,8.38,8.55,8.27,8.25,132701.17,-0.09,-1.08,8.454,8.401,8.275,200123.53,183490.22,236718.1,0.97,0
2013-12-17,8.23,8.3,8.06,7.9,166866.2,-0.21,-2.54,8.346,8.379,8.277,151145.08,187584.59,232233.16,1.22,0
2013-12-18,8.1,8.19,8.03,7.95,63401.99,-0.03,-0.37,8.242,8.34,8.289,122475.78,180507.38,212934.77,0.46,0
2013-12-19,8.08,8.12,8.0,7.96,68915.36,-0.03,-0.37,8.144,8.3,8.292,110896.51,167842.01,201762.79,0.5,0
2013-12-20,8.0,8.05,8.02,7.81,94556.04,0.02,0.25,8.076,8.266,8.303,105288.15,168817.68,196200.91,0.69,0
2013-12-23,8.04,8.08,8.01,7.81,75660.82,-0.01,-0.12,8.024,8.239,8.306,93880.08,147001.81,188436.73,0.55,0
2013-12-24,8.01,8.17,8.0,7.91,100234.87,-0.01,-0.12,8.012,8.179,8.282,80553.82,115849.45,166678.36,0.73,0
2013-12-25,8.03,8.11,7.96,7.9,94468.9,-0.04,-0.5,7.998,8.12,8.256,86767.2,104621.49,158925.08,0.69,0
2013-12-26,7.9,7.99,7.83,7.75,86354.28,-0.13,-1.63,7.964,8.054,8.223,90254.98,100575.74,153315.2,0.63,0
2013-12-27,7.88,8.04,7.96,7.81,98790.33,0.13,1.66,7.952,8.014,8.196,91101.84,98195.0,148717.09,0.72,0
2013-12-30,7.99,8.38,8.3,7.95,233044.08,0.34,4.27,8.01,8.017,8.209,122578.49,108229.29,145859.75,1.7,0
2013-12-31,8.22,8.47,8.42,8.18,265054.12,0.12,1.45,8.094,8.053,8.216,155542.34,118048.08,152816.33,1.93,0
2014-01-02,8.37,8.37,8.31,8.23,84894.91,-0.11,-1.31,8.164,8.081,8.211,153627.54,120197.37,150352.38,0.62,0
2014-01-03,8.25,8.42,8.27,8.22,102036.39,-0.04,-0.48,8.252,8.108,8.204,156763.97,123509.47,145675.74,0.74,0
2014-01-06,8.27,8.27,7.94,7.89,96894.51,-0.33,-3.99,8.248,8.1,8.183,156384.8,123743.32,146280.5,0.71,0
2014-01-07,7.84,8.09,8.01,7.82,46452.68,0.07,0.88,8.19,8.1,8.17,119066.52,120822.51,133912.16,0.34,0
2014-01-08,8.0,8.13,8.0,7.96,80636.59,-0.01,-0.12,8.106,8.1,8.14,82183.02,118862.68,117356.06,0.59,0
2014-01-09,7.91,8.08,7.96,7.91,186944.45,-0.04,-0.5,8.036,8.1,8.11,102592.92,128110.23,116365.86,1.36,0
2014-01-10,7.95,8.05,8.0,7.7,115712.73,0.04,0.5,7.982,8.117,8.086,105328.19,131046.08,115810.91,0.84,0
2014-01-13,8.02,8.02,7.9,7.87,35583.67,-0.1,-1.25,7.974,8.111,8.063,93066.02,124725.41,111460.2,0.26,0
2014-01-14,7.9,8.03,7.95,7.9,36010.79,0.05,0.63,7.962,8.076,8.047,90977.65,105022.08,106625.69,0.26,0
2014-01-15,7.96,8.0,7.83,7.8,57474.6,-0.12,-1.51,7.928,8.017,8.035,86345.25,84264.13,101156.11,0.42,0
2014-01-16,7.81,8.02,7.96,7.81,58360.84,0.13,1.66,7.928,7.982,8.032,60628.53,81610.73,100904.05,0.42,0
2014-01-17,7.91,7.96,7.87,7.74,128429.67,-0.09,-1.13,7.902,7.942,8.025,63171.91,84250.05,103879.76,0.93,0
2014-01-20,7.91,8.01,7.86,7.82,39210.93,-0.01,-0.13,7.894,7.934,8.017,63897.37,78481.69,101112.51,0.29,0
2014-01-21,7.84,7.96,7.89,7.8,52714.31,0.03,0.38,7.882,7.922,8.011,67238.07,79107.86,99965.18,0.38,0
2014-01-22,7.89,8.17,8.14,7.77,180551.95,0.25,3.17,7.944,7.936,8.018,91853.54,89099.39,103981.04,1.31,0
2014-01-23,8.1,8.21,8.13,7.98,226363.05,-0.01,-0.12,7.978,7.953,8.027,125453.98,93041.25,110575.74,1.65,0
2014-01-24,8.08,8.53,8.4,8.08,180738.22,0.27,3.32,8.084,7.993,8.055,135915.69,99543.8,115294.94,1.13,0
2014-01-27,8.3,8.5,8.33,8.25,240960.56,-0.07,-0.83,8.178,8.036,8.074,176265.62,120081.49,122403.45,1.5,0
2014-01-28,8.33,8.35,8.13,8.04,130719.3,-0.2,-2.4,8.226,8.054,8.065,191866.62,129552.34,117287.21,0.81,0
2014-01-29,8.14,8.29,8.19,8.13,80826.22,0.06,0.74,8.236,8.09,8.054,171921.47,131887.51,108075.82,0.5,0
2014-01-30,8.19,8.27,8.16,8.12,55769.87,-0.03,-0.37,8.242,8.11,8.046,137802.83,131628.41,106619.57,0.35,0
2014-02-07,8.17,8.63,8.55,8.15,146277.69,0.39,4.78,8.272,8.178,8.06,130910.73,133413.21,108831.63,0.91,0
2014-02-10,8.56,9.0,8.78,8.43,373741.81,0.23,2.69,8.362,8.27,8.102,157466.98,166866.3,122674.0,2.33,0
2014-02-11,8.78,8.88,8.72,8.69,213240.77,-0.06,-0.68,8.48,8.353,8.138,173971.27,182918.94,131013.4,1.33,0
2014-02-12,8.72,8.82,8.8,8.62,200578.69,0.08,0.92,8.602,8.419,8.178,197921.77,184921.62,137010.51,1.25,0
2014-02-13,8.79,8.79,8.38,8.37,358696.09,-0.42,-4.77,8.646,8.444,8.199,258507.01,198154.92,145598.09,2.23,0
2014-02-14,8.37,8.44,8.43,8.23,117064.79,0.05,0.6,8.622,8.447,8.22,252664.43,191787.58,145665.69,0.73,0
2014-02-17,8.44,8.54,8.46,8.37,136095.97,0.03,0.36,8.558,8.46,8.248,205135.26,181301.12,150691.31,0.85,0
2014-02-18,8.48,8.64,8.51,8.45,163008.73,0.05,0.59,8.516,8.498,8.276,195088.85,184530.06,157041.2,1.02,0
2014-02-19,8.5,8.51,8.38,8.33,136561.8,-0.13,-1.53,8.432,8.517,8.304,182285.48,190103.62,160995.56,0.85,0
2014-02-20,8.4,8.53,8.4,8.22,183768.34,0.02,0.24,8.436,8.541,8.326,147299.93,202903.47,167265.94,1.14,0
2014-02-21,8.39,8.43,8.32,8.25,71342.68,-0.08,-0.95,8.414,8.518,8.348,138155.5,195409.97,164411.59,0.44,0
2014-02-24,8.25,8.33,8.25,8.05,114880.18,-0.07,-0.84,8.372,8.465,8.368,133912.35,169523.8,168195.05,0.72,0
2014-02-25,8.24,8.33,7.85,7.85,143575.41,-0.4,-4.85,8.24,8.378,8.366,130025.68,162557.27,172738.11,0.89,0
2014-02-26,7.79,7.82,7.78,7.56,127145.35,-0.07,-0.89,8.12,8.276,8.348,128142.39,155213.93,170067.78,0.79,0
2014-02-27,7.78,7.9,7.69,7.65,103744.95,-0.09,-1.16,7.978,8.207,8.326,112137.71,129718.82,163936.87,0.65,0
2014-02-28,7.66,7.76,7.68,7.44,125395.75,-0.01,-0.13,7.85,8.132,8.29,122948.33,130551.92,161169.75,0.78,0
2014-03-03,7.69,7.97,7.92,7.68,146700.73,0.24,3.12,7.784,8.078,8.269,129312.44,131612.39,156456.76,0.91,0
2014-03-04,7.88,7.96,7.91,7.78,77208.79,-0.01,-0.13,7.796,8.018,8.258,116039.11,123032.4,153781.23,0.48,0
2014-03-05,7.91,7.98,7.86,7.84,80485.59,-0.05,-0.63,7.812,7.966,8.242,106707.16,117424.78,153764.2,0.5,0
2014-03-06,7.87,8.09,8.0,7.83,126565.0,0.14,1.78,7.874,7.926,8.234,111271.17,111704.44,157303.96,0.79,0
2014-03-07,7.93,8.1,7.91,7.87,80766.79,-0.09,-1.12,7.92,7.885,8.202,102345.38,112646.85,154028.41,0.5,0
2014-03-10,7.82,7.88,7.5,7.48,90837.59,-0.41,-5.18,7.836,7.81,8.138,91172.75,110242.6,139883.2,0.57,0
2014-03-11,7.51,7.73,7.71,7.51,189387.91,0.21,2.8,7.796,7.796,8.087,113608.58,114823.85,138690.56,1.18,0
2014-03-12,7.63,7.84,7.7,7.56,89596.18,-0.01,-0.13,7.764,7.788,8.032,115430.69,111068.93,133141.43,0.56,0
2014-03-13,7.67,7.83,7.62,7.59,72079.72,-0.08,-1.04,7.688,7.781,7.994,104533.64,107902.4,118810.61,0.45,0
2014-03-14,7.63,7.68,7.57,7.46,73775.78,-0.05,-0.66,7.62,7.77,7.951,103135.44,102740.41,116646.16,0.46,0
2014-03-17,7.68,7.77,7.72,7.58,70435.54,0.15,1.98,7.664,7.75,7.914,99055.03,95113.89,113363.14,0.44,0
2014-03-18,7.73,7.86,7.76,7.7,69865.13,0.04,0.52,7.674,7.735,7.877,75150.47,94379.52,108705.96,0.44,0
2014-03-19,7.71,7.77,7.63,7.56,65557.62,-0.13,-1.68,7.66,7.712,7.839,70342.76,92886.73,105155.75,0.41,0
2014-03-20,7.67,8.03,7.83,7.66,207394.58,0.2,2.62,7.702,7.695,7.811,97405.73,100969.68,106337.06,1.29,0
2014-03-21,7.85,8.28,8.23,7.85,238336.02,0.4,5.11,7.834,7.727,7.806,130317.78,116726.61,114686.73,1.48,0
2014-03-24,8.24,9.0,8.9,8.24,529405.12,0.67,8.14,8.07,7.867,7.839,222111.69,160583.36,135412.98,3.3,0
2014-03-25,8.77,9.02,8.9,8.72,411229.81,0.0,0.0,8.298,7.986,7.891,290384.63,182767.55,148795.7,2.56,0
2014-03-26,8.8,8.9,8.65,8.6,204387.94,-0.25,-2.81,8.502,8.081,7.935,318150.69,194246.73,152657.83,1.27,0
2014-03-27,8.68,8.94,8.68,8.65,141189.11,0.03,0.35,8.672,8.187,7.984,304909.6,201157.67,154530.04,0.88,0
2014-03-28,8.88,9.15,8.94,8.8,316240.78,0.26,3.0,8.814,8.324,8.047,320490.55,225404.17,164072.29,1.97,0
2014-03-31,8.99,9.23,8.99,8.8,206194.98,0.05,0.56,8.832,8.451,8.101,255848.52,238980.11,167047.0,1.28,0
2014-04-01,9.0,9.1,8.96,8.83,190714.8,-0.03,-0.33,8.844,8.571,8.153,211745.52,251065.08,172722.3,1.19,0
2014-04-02,8.89,9.46,9.4,8.89,278057.62,0.44,4.91,8.994,8.748,8.23,226479.46,272315.08,182600.9,1.73,0
2014-04-03,9.4,9.55,9.15,9.09,223897.22,-0.25,-2.66,9.088,8.88,8.288,243021.08,273965.34,187467.51,1.39,0
2014-04-04,9.11,9.45,9.4,9.06,118447.58,0.25,2.73,9.18,8.997,8.362,203462.44,261976.5,189351.55,0.74,0
2014-04-08,9.38,9.85,9.68,9.38,194298.95,0.28,2.98,9.318,9.075,8.471,201083.23,228465.88,194524.62,1.21,0
2014-04-09,9.68,10.26,10.17,9.68,270495.97,0.49,5.06,9.56,9.202,8.594,217039.47,214392.49,198580.02,1.68,0
2014-04-10,10.15,10.5,10.1,9.91,272686.62,-0.07,-0.69,9.7,9.347,8.714,215965.27,221222.36,207734.54,1.7,0
2014-04-11,9.93,10.07,10.0,9.84,151969.53,-0.1,-0.99,9.87,9.479,8.833,201579.73,222300.41,211729.04,0.95,0
2014-04-14,9.93,10.08,9.84,9.73,145351.81,-0.16,-1.6,9.958,9.569,8.947,206960.58,205211.51,215307.84,0.91,0
2014-04-15,9.85,10.66,10.55,9.85,335803.75,0.71,7.21,10.132,9.725,9.088,235261.54,218172.38,228576.25,2.09,0
2014-04-16,10.5,10.75,10.25,10.25,161696.17,-0.3,-2.84,10.148,9.854,9.213,213501.58,215270.52,233167.8,1.01,0
2014-04-17,10.4,10.78,10.78,10.23,305717.47,0.53,5.17,10.284,9.992,9.37,220107.75,218036.51,245175.79,1.9,0
2014-04-18,10.65,10.87,10.76,10.45,374906.75,-0.02,-0.19,10.436,10.153,9.517,264695.19,233137.46,253551.4,2.33,0
2014-04-21,10.55,10.6,10.25,10.25,162300.56,-0.51,-4.74,10.518,10.238,9.618,268084.94,237522.76,249749.63,1.01,0
2014-04-22,10.25,10.4,10.16,9.76,172146.78,-0.09,-0.88,10.44,10.286,9.681,235353.55,235307.54,231886.71,1.07,0
2014-04-23,10.03,10.35,10.15,9.92,72730.49,-0.01,-0.1,10.42,10.284,9.743,217560.41,215530.99,214961.74,0.45,0
2014-04-24,9.99,11.17,10.96,9.91,307393.59,0.81,7.98,10.456,10.37,9.859,217895.63,219001.69,220112.03,1.91,0
2014-04-25,0.0,0.0,0.0,0.0,0.0,0.0,0.0,0.0,0.0,0.0,0.0,0.0,0.0,0.0,1
2014-04-28,0.0,0.0,0.0,0.0,0.0,0.0,0.0,0.0,0.0,0.0,0.0,0.0,0.0,0.0,1
2014-04-29,0.0,0.0,0.0,0.0,0.0,0.0,0.0,0.0,0.0,0.0,0.0,0.0,0.0,0.0,1
2014-04-30,0.0,0.0,0.0,0.0,0.0,0.0,0.0,0.0,0.0,0.0,0.0,0.0,0.0,0.0,1
2014-05-05,10.0,11.43,10.9,10.0,623863.44,-0.06,-0.55,10.484,10.46,9.97,267686.97,266191.08,244245.74,3.89,0
2014-05-06,10.9,11.09,11.04,10.65,351823.62,0.14,1.28,10.642,10.58,10.075,305591.58,286838.26,246024.89,2.19,0
2014-05-07,10.87,11.3,10.89,10.82,365956.38,-0.15,-1.36,10.788,10.614,10.17,344353.5,289853.53,254012.96,2.28,0
2014-05-08,10.8,10.95,10.4,10.33,498031.5,-0.49,-4.5,10.838,10.629,10.242,429413.71,323487.06,269378.79,3.1,0
2014-05-09,10.39,10.4,9.97,9.73,229462.36,-0.43,-4.13,10.64,10.548,10.27,413827.46,315861.55,266949.03,1.43,0
2014-05-12,9.92,10.02,9.63,8.96,288517.69,-0.23,-2.33,10.386,10.435,10.294,346758.31,307222.64,270180.05,1.8,0
2014-05-13,9.5,9.64,9.55,9.35,117377.24,-0.08,-0.83,10.088,10.365,10.302,299869.03,302730.31,270126.53,0.73,0
2014-05-14,9.51,9.69,9.44,9.4,109207.99,-0.11,-1.15,9.798,10.293,10.29,248519.36,296436.43,265871.99,0.68,0
2014-05-15,9.6,9.67,9.46,9.41,81789.57,0.02,0.21,9.61,10.224,10.254,165270.97,297342.34,256436.67,0.51,0
2014-05-16,9.46,9.46,9.2,9.09,70230.57,-0.26,-2.75,9.456,10.048,10.209,133424.61,273626.04,246313.86,0.44,0
2014-05-19,9.28,10.12,9.85,9.2,185174.44,0.65,7.07,9.5,9.943,10.202,112755.96,229757.14,247974.11,1.15,0
2014-05-20,9.85,10.1,9.87,9.71,101467.14,0.02,0.2,9.564,9.826,10.203,109573.94,204721.49,245779.88,0.63,0
2014-05-21,9.85,9.95,9.83,9.58,49610.85,-0.04,-0.41,9.642,9.72,10.167,97654.51,173086.94,231470.23,0.31,0
2014-05-22,9.78,10.1,9.78,9.76,65558.45,-0.05,-0.51,9.706,9.658,10.144,94408.29,129839.63,226663.34,0.41,0
2014-05-23,9.78,9.93,9.8,9.72,45464.55,0.02,0.2,9.826,9.641,10.095,89455.09,111439.85,213650.7,0.28,0
2014-05-26,9.98,9.98,9.72,9.66,64990.13,-0.08,-0.82,9.8,9.65,10.043,65418.22,89087.09,198154.87,0.4,0
2014-05-27,9.78,9.78,9.55,9.45,64525.42,-0.17,-1.75,9.736,9.65,10.008,58029.88,83801.91,193266.11,0.4,0
2014-05-28,9.55,9.75,9.65,9.5,80842.64,0.1,1.05,9.7,9.671,9.982,64276.24,80965.38,188700.9,0.5,0
2014-05-29,9.7,9.72,9.33,9.33,57041.51,-0.32,-3.32,9.61,9.658,9.941,62572.85,78490.57,187916.45,0.36,0
2014-05-30,9.43,9.83,9.67,9.27,83847.27,0.34,3.64,9.584,9.705,9.877,70249.39,79852.24,176739.14,0.52,0
2014-06-03,9.67,9.81,9.48,9.47,54295.07,-0.19,-1.97,9.536,9.668,9.806,68110.38,66764.3,148260.72,0.34,0
2014-06-04,9.49,9.65,9.45,9.38,46456.21,-0.03,-0.32,9.516,9.626,9.726,64496.54,61263.21,132992.35,0.29,0
2014-06-05,9.42,9.6,9.59,9.42,87345.14,0.14,1.48,9.504,9.602,9.661,65797.04,65036.64,119061.79,0.54,0
2014-06-06,9.6,9.65,9.5,9.37,38195.18,-0.09,-0.94,9.538,9.574,9.616,62027.77,62300.31,96069.97,0.24,0
2014-06-09,9.5,9.62,9.45,9.43,60602.73,-0.05,-0.53,9.494,9.539,9.59,57378.87,63814.13,87626.99,0.38,0
2014-06-10,9.5,9.57,9.5,9.38,51175.81,0.05,0.53,9.498,9.517,9.584,56755.01,62432.7,75759.9,0.32,0
2014-06-11,9.59,10.05,9.69,9.52,290374.41,0.19,2.0,9.546,9.531,9.591,105538.65,85017.6,84409.75,1.81,0
2014-06-12,9.71,9.75,9.49,9.46,115277.98,-0.2,-2.06,9.526,9.515,9.593,111125.22,88461.13,84713.25,0.72,0
2014-06-13,9.46,9.6,9.5,9.43,86668.52,0.01,0.1,9.526,9.532,9.595,120819.89,91423.83,84957.2,0.54,0
2014-06-16,9.47,9.65,9.51,9.44,110508.93,0.01,0.1,9.538,9.516,9.611,130801.13,94090.0,86971.12,0.69,0
2014-06-17,9.51,9.51,9.46,9.36,50612.2,-0.05,-0.53,9.53,9.514,9.591,130688.41,93721.71,80243.01,0.32,0
2014-06-18,9.45,9.5,9.35,9.34,51102.01,-0.11,-1.16,9.462,9.504,9.565,82833.93,94186.29,77724.75,0.32,0
2014-06-19,9.35,9.39,9.12,9.03,63447.94,-0.23,-2.46,9.388,9.457,9.53,72467.92,91796.57,78416.61,0.4,0
2014-06-20,9.12,9.44,9.25,8.95,65727.74,0.13,1.43,9.338,9.432,9.503,68279.76,94549.83,78425.07,0.41,0
2014-06-23,9.25,9.43,9.37,9.2,52656.42,0.12,1.3,9.31,9.424,9.482,56709.26,93755.2,78784.66,0.33,0
2014-06-24,9.41,9.45,9.3,9.17,148567.7,-0.07,-0.75,9.278,9.404,9.461,76300.36,103494.38,82963.54,0.93,0
2014-06-25,9.27,9.55,9.53,9.18,158328.09,0.23,2.47,9.314,9.388,9.46,97745.58,90289.75,87653.67,0.99,0
2014-06-26,9.45,9.5,9.43,9.32,79744.99,-0.05,-0.53,9.376,9.382,9.449,101004.99,86736.45,87598.79,0.5,0
2014-06-27,9.42,9.49,9.34,9.28,140773.72,-0.09,-0.95,9.394,9.366,9.449,116014.18,92146.97,91785.4,0.88,0
2014-06-30,9.42,9.42,9.23,9.18,87497.79,-0.11,-1.18,9.366,9.338,9.427,122982.46,89845.86,91967.93,0.54,0
2014-07-01,9.27,9.28,9.23,9.17,68468.27,0.0,0.0,9.352,9.315,9.415,106962.57,91631.47,92676.59,0.43,0
2014-07-02,9.23,9.24,9.11,8.98,109349.38,-0.12,-1.3,9.268,9.291,9.398,97166.83,97456.2,95821.25,0.68,0
2014-07-03,9.11,9.19,9.15,9.02,68177.07,0.04,0.44,9.212,9.294,9.376,94853.25,97929.12,94862.84,0.42,0
2014-07-04,9.16,9.29,9.2,9.1,81924.04,0.05,0.55,9.184,9.289,9.361,83083.31,99548.75,97049.29,0.51,0
2014-07-07,9.16,9.23,9.06,9.04,60146.9,-0.14,-1.52,9.15,9.258,9.341,77613.13,100297.8,97026.5,0.37,0
2014-07-08,9.06,9.22,9.18,9.01,59786.48,0.12,1.32,9.14,9.246,9.325,75876.77,91419.67,97457.03,0.37,0
2014-07-09,9.18,9.22,9.09,9.08,59342.89,-0.09,-0.98,9.136,9.202,9.295,65875.48,81521.15,85905.45,0.37,0
2014-07-10,9.08,9.25,9.18,9.04,81209.46,0.09,0.99,9.142,9.177,9.28,68481.95,81667.6,84202.03,0.51,0
2014-07-11,9.18,9.25,9.16,9.14,53119.61,-0.02,-0.22,9.134,9.159,9.263,62721.07,72902.19,82524.58,0.33,0
2014-07-14,9.16,9.44,9.42,9.11,105237.87,0.26,2.84,9.206,9.178,9.258,71739.26,74676.2,82261.03,0.66,0
2014-07-15,9.4,9.46,9.43,9.3,82658.11,0.01,0.11,9.256,9.198,9.257,76313.59,76095.18,83863.32,0.51,0
2014-07-16,9.44,9.44,9.3,9.24,68185.04,-0.13,-1.38,9.298,9.217,9.254,78082.02,71978.75,84717.48,0.42,0
2014-07-17,9.28,9.28,9.14,9.09,68833.14,-0.16,-1.72,9.29,9.216,9.255,75606.75,72044.35,84986.74,0.43,0
2014-07-18,9.11,9.21,9.13,9.1,47403.13,-0.01,-0.11,9.284,9.209,9.249,74463.46,68592.26,84070.5,0.3,0
2014-07-21,9.11,9.14,9.05,9.04,44662.77,-0.08,-0.88,9.21,9.208,9.233,62348.44,67043.85,83670.82,0.28,0
2014-07-22,9.06,9.2,9.16,8.98,91740.5,0.11,1.22,9.156,9.206,9.226,64164.92,70239.25,80829.46,0.57,0
2014-07-23,9.16,9.4,9.3,9.02,137030.12,0.14,1.53,9.156,9.227,9.215,77933.93,78007.98,79764.56,0.85,0
2014-07-24,9.48,9.48,9.28,9.22,128932.57,-0.02,-0.21,9.184,9.237,9.207,89953.82,82780.29,82223.94,0.8,0
2014-07-25,9.37,9.38,9.33,9.19,75942.16,0.05,0.54,9.224,9.254,9.207,95661.62,85062.54,78982.37,0.47,0
2014-07-28,9.35,9.52,9.44,9.28,165394.44,0.11,1.18,9.302,9.256,9.217,119807.96,91078.2,82877.2,1.03,0
2014-07-29,9.55,9.55,9.5,9.42,111361.92,0.06,0.64,9.37,9.263,9.231,123732.24,93948.58,85021.88,0.69,0
2014-07-30,9.49,9.55,9.52,9.42,93242.13,0.02,0.21,9.414,9.285,9.251,114974.64,96454.29,84216.52,0.58,0
2014-07-31,9.52,9.58,9.52,9.42,85524.13,0.0,0.0,9.462,9.323,9.27,106292.96,98123.39,85083.87,0.53,0
2014-08-01,9.57,10.19,10.15,9.56,495617.84,0.63,6.62,9.626,9.425,9.317,190228.09,142944.86,105768.56,3.09,0
2014-08-04,10.26,10.79,10.55,10.16,482429.44,0.4,3.94,9.848,9.575,9.392,253635.09,186721.53,126882.69,3.0,0
2014-08-05,10.4,10.75,10.72,10.31,218169.22,0.17,1.61,10.092,9.731,9.469,274996.55,199364.4,134801.82,1.36,0
2014-08-06,10.6,11.08,10.71,10.52,215964.44,-0.01,-0.09,10.33,9.872,9.55,299541.01,207257.83,142632.9,1.34,0
2014-08-07,10.7,10.82,10.36,10.32,173753.5,-0.35,-3.27,10.498,9.98,9.609,317186.89,211739.92,147260.1,1.08,0
2014-08-08,10.43,10.74,10.48,10.39,129111.91,0.12,1.16,10.564,10.095,9.675,243885.7,217056.9,151059.72,0.8,0
2014-08-11,10.48,10.66,10.57,10.36,103257.34,0.09,0.86,10.568,10.208,9.732,168051.28,210843.19,150960.69,0.64,0
2014-08-12,10.45,10.75,10.52,10.43,117196.62,-0.05,-0.47,10.528,10.31,9.787,147856.76,211426.66,152687.62,0.73,0
2014-08-13,10.53,10.63,10.49,10.17,134247.38,-0.03,-0.28,10.484,10.407,9.846,131513.35,215527.18,155990.73,0.84,0
2014-08-14,10.49,10.52,10.29,10.28,91368.8,-0.2,-1.91,10.47,10.484,9.904,115036.41,216111.65,157117.52,0.57,0
2014-08-15,10.4,10.58,10.47,10.27,139168.88,0.18,1.75,10.468,10.516,9.971,117047.8,180466.75,161705.81,0.87,0
2014-08-18,10.49,10.59,10.53,10.43,72934.94,0.06,0.57,10.46,10.514,10.045,110983.32,139517.3,163119.41,0.45,0
2014-08-19,10.52,10.9,10.9,10.49,177445.3,0.37,3.51,10.536,10.532,10.132,123033.06,135444.91,167404.65,1.11,0
2014-08-20,10.87,10.92,10.74,10.65,96040.28,-0.16,-1.47,10.586,10.535,10.204,115391.64,123452.5,165355.16,0.6,0
2014-08-21,10.73,10.74,10.45,10.31,108614.81,-0.29,-2.7,10.618,10.544,10.262,118840.84,116938.63,164339.27,0.68,0
2014-08-22,10.45,10.58,10.48,10.36,68196.88,0.03,0.29,10.62,10.544,10.32,104646.44,110847.12,163952.01,0.42,0
2014-08-25,10.48,10.7,10.46,10.41,63161.55,-0.02,-0.19,10.606,10.533,10.371,102691.76,106837.54,158840.37,0.39,0
2014-08-26,10.47,10.61,10.23,10.21,106868.28,-0.23,-2.2,10.472,10.504,10.407,88576.36,105804.71,158615.68,0.67,0
2014-08-27,10.2,10.31,10.09,9.99,121460.03,-0.14,-1.37,10.342,10.464,10.436,93660.31,104525.98,160026.58,0.76,0
2014-08-28,10.1,10.2,10.14,10.06,56353.83,0.05,0.5,10.28,10.449,10.467,83208.11,101024.48,158568.06,0.35,0
2014-08-29,10.19,10.23,10.23,10.1,52735.44,0.09,0.89,10.23,10.425,10.471,80115.83,92381.13,136423.94,0.33,0
2014-09-01,10.24,10.34,10.25,10.17,98587.22,0.02,0.2,10.188,10.397,10.456,87200.96,94946.36,117231.83,0.61,0
2014-09-02,10.25,10.5,10.36,10.15,131623.47,0.11,1.07,10.214,10.343,10.438,92152.0,90364.18,112904.55,0.82,0
2014-09-03,10.36,10.82,10.58,10.3,190836.66,0.22,2.12,10.312,10.327,10.431,106027.32,99843.82,111648.16,1.19,0
2014-09-04,10.56,10.59,10.48,10.39,168382.09,-0.1,-0.94,10.38,10.33,10.437,128432.98,105820.55,111379.59,1.05,0
2014-09-05,10.44,10.58,10.47,10.32,130431.44,-0.01,-0.1,10.428,10.329,10.437,143972.18,112044.0,111445.56,0.81,0
2014-09-09,10.47,10.5,10.29,10.25,170201.34,-0.18,-1.72,10.436,10.312,10.423,158295.0,122747.98,114792.76,1.06,0
2014-09-10,10.25,10.43,10.38,10.2,122310.84,0.09,0.88,10.44,10.327,10.416,156432.47,124292.24,115048.47,0.76,0
2014-09-11,10.47,11.22,10.95,10.39,445204.62,0.57,5.49,10.514,10.413,10.439,207306.07,156666.7,130596.33,2.77,0
2014-09-12,10.82,10.89,10.81,10.66,182159.66,-0.14,-1.28,10.58,10.48,10.465,210061.58,169247.28,135135.88,1.13,0
2014-09-15,10.82,10.88,10.76,10.57,161842.47,-0.05,-0.46,10.638,10.533,10.479,216343.79,180157.98,136269.56,1.01,0
2014-09-16,10.75,11.21,10.8,10.69,380053.69,0.04,0.37,10.74,10.588,10.493,258314.26,208304.63,151625.49,2.37,0
2014-09-17,10.81,11.18,10.81,10.79,242924.38,0.01,0.09,10.826,10.633,10.488,282436.96,219434.72,154899.45,1.51,0
2014-09-18,10.76,11.47,11.3,10.68,344743.53,0.49,4.53,10.896,10.705,10.516,262344.75,234825.41,167334.61,2.15,0
2014-09-19,11.21,11.34,11.28,11.01,179381.45,-0.02,-0.18,10.99,10.785,10.558,261789.1,235925.34,170872.94,1.12,0
2014-09-22,11.3,11.46,11.06,11.02,126983.71,-0.22,-1.95,11.05,10.844,10.587,254817.35,235580.57,173812.28,0.79,0
2014-09-23,11.01,11.21,11.07,10.98,116655.51,0.01,0.09,11.104,10.922,10.617,202137.72,230225.99,176486.98,0.73,0
2014-09-24,11.03,11.39,11.29,11.03,162762.83,0.22,1.99,11.2,11.013,10.67,186105.41,234271.19,179281.71,1.01,0
2014-09-25,11.3,11.4,11.09,11.08,135940.52,-0.2,-1.77,11.158,11.027,10.72,144344.8,203344.78,180005.74,0.85,0
2014-09-26,11.07,11.5,11.4,10.98,177434.42,0.31,2.79,11.182,11.086,10.783,143955.4,202872.25,186059.76,1.11,0
2014-09-29,11.75,12.45,12.15,11.75,321319.81,0.75,6.58,11.4,11.225,10.879,182822.62,218819.99,199488.98,2.0,0
2014-09-30,12.2,12.76,12.75,12.0,343166.44,0.6,4.94,11.736,11.42,11.004,228124.8,215131.26,211717.94,2.14,0
2014-10-08,13.0,14.03,13.94,12.9,530482.69,1.19,9.33,12.266,11.733,11.183,301668.78,243887.09,231660.91,3.3,0
2014-10-09,13.64,13.78,13.47,13.29,365174.06,-0.47,-3.37,12.742,11.95,11.328,347515.48,245930.14,240377.78,2.27,0
2014-10-10,13.22,13.35,12.86,12.78,304990.47,-0.61,-4.53,13.034,12.108,11.447,373026.69,258491.05,247208.19,1.9,0
2014-10-13,12.84,12.91,12.87,12.57,144571.03,0.01,0.08,13.178,12.289,11.567,337676.94,260249.78,247915.17,0.9,0
2014-10-14,13.1,13.29,12.87,12.85,195972.53,0.0,0.0,13.202,12.469,11.696,308238.16,268181.48,249203.73,1.22,0
2014-10-15,12.78,12.86,12.53,12.41,202242.73,-0.34,-2.64,12.92,12.593,11.803,242590.16,272129.47,253200.33,1.26,0
2014-10-16,12.46,12.61,12.17,12.12,166367.48,-0.36,-2.87,12.66,12.701,11.864,202828.85,275172.17,239258.47,1.04,0
2014-10-17,12.17,12.37,12.0,12.0,180268.62,-0.17,-1.4,12.488,12.761,11.924,177884.48,275455.59,239163.92,1.12,0
2014-10-20,12.1,12.27,12.23,12.0,154729.12,0.23,1.92,12.36,12.769,11.997,179916.1,258796.52,238808.25,0.96,0
2014-10-21,12.25,12.48,12.23,12.15,155229.11,0.0,0.0,12.232,12.717,12.069,171767.41,240002.78,227567.02,0.97,0
2014-10-22,12.23,12.34,11.82,11.77,159902.67,-0.41,-3.35,12.09,12.505,12.119,163299.4,202944.78,223415.94,1.0,0
2014-10-23,11.76,11.96,11.8,11.61,132674.2,-0.02,-0.17,12.016,12.338,12.144,156560.74,179694.8,212812.47,0.83,0
2014-10-24,11.8,11.98,11.69,11.65,115469.92,-0.11,-0.93,11.954,12.221,12.165,143601.0,160742.74,209616.89,0.72,0
2014-10-27,11.61,11.82,11.58,11.55,87622.29,-0.11,-0.94,11.824,12.092,12.191,130179.64,155047.87,207648.82,0.55,0
2014-10-28,11.57,11.96,11.93,11.56,379522.41,0.35,3.02,11.764,11.998,12.234,175038.3,173402.86,220792.17,2.36,0
2014-10-29,11.9,12.12,12.06,11.78,377076.53,0.13,1.09,11.812,11.951,12.272,218473.07,190886.24,231507.85,2.35,0
2014-10-30,12.2,12.55,12.1,12.06,399966.25,0.04,0.33,11.872,11.944,12.323,271931.48,214246.11,244709.14,2.49,0
2014-10-31,12.08,12.34,12.12,11.93,252210.08,0.02,0.17,11.958,11.956,12.359,299279.51,221440.26,248447.92,1.57,0
2014-11-03,12.13,12.15,11.84,11.83,254348.08,-0.28,-2.31,12.01,11.917,12.343,332624.67,231402.15,245099.34,1.58,0
2014-11-04,11.87,11.89,11.55,11.45,226020.91,-0.29,-2.45,11.934,11.849,12.283,301924.37,238481.33,239242.06,1.41,0
2014-11-05,11.54,11.57,11.54,11.3,176172.06,-0.01,-0.09,11.83,11.821,12.163,261743.48,240108.27,221526.53,1.1,0
2014-11-06,11.58,11.7,11.7,11.4,145347.77,0.16,1.39,11.75,11.811,12.075,210819.78,241375.63,210535.21,0.91,0
2014-11-07,11.75,11.75,11.5,11.44,170891.52,-0.2,-1.71,11.626,11.792,12.007,194556.07,246917.79,203830.27,1.06,0
2014-11-10,11.4,11.65,11.56,11.4,155026.14,0.06,0.52,11.57,11.79,11.941,174691.68,253658.18,204353.02,0.97,0
2014-11-11,11.58,11.64,11.03,10.9,236285.28,-0.53,-4.58,11.466,11.7,11.849,176744.55,239334.46,206368.66,1.47,0
2014-11-12,11.02,11.21,11.18,10.93,140340.42,0.15,1.36,11.394,11.612,11.782,169578.23,215660.85,203273.54,0.87,0
2014-11-13,11.16,11.47,11.34,11.0,246614.61,0.16,1.43,11.322,11.536,11.74,189831.59,200325.69,207285.9,1.54,0
2014-11-14,11.2,11.33,11.15,11.1,112297.03,-0.19,-1.68,11.252,11.439,11.698,178112.7,186334.38,203887.32,0.7,0
2014-11-17,11.22,11.25,11.18,11.08,179603.69,0.03,0.27,11.176,11.373,11.645,183028.21,178859.94,205131.05,1.12,0
2014-11-18,11.19,11.34,11.2,11.14,138337.84,0.02,0.18,11.21,11.338,11.594,163438.72,170091.64,204286.49,0.86,0
2014-11-19,11.33,11.66,11.55,11.24,363528.5,0.35,3.12,11.284,11.339,11.58,208076.33,188827.28,214467.78,2.26,0
2014-11-20,11.45,11.45,11.34,11.26,174811.14,-0.21,-1.82,11.284,11.303,11.557,193715.64,191773.62,216574.62,1.09,0
2014-11-21,11.47,11.53,11.41,11.35,212422.09,0.07,0.62,11.336,11.294,11.543,213740.65,195926.67,221422.23,1.32,0
2014-11-24,11.5,11.76,11.66,11.34,313870.28,0.25,2.19,11.432,11.304,11.547,240593.97,211811.09,232734.63,1.95,0
2014-11-25,11.67,12.0,11.93,11.61,309994.88,0.27,2.32,11.578,11.394,11.547,274925.38,219182.05,229258.26,1.93,0
2014-11-26,11.95,12.01,11.76,11.68,273413.34,-0.17,-1.43,11.62,11.452,11.532,256902.35,232489.34,224075.1,1.7,0
2014-11-27,11.79,11.8,11.68,11.59,286588.91,-0.08,-0.68,11.688,11.486,11.511,279257.9,236486.77,218406.23,1.78,0
2014-11-28,11.62,11.75,11.49,11.37,277317.25,-0.19,-1.63,11.704,11.52,11.48,292236.93,252988.79,219661.59,1.73,0
2014-12-01,11.5,11.88,11.58,11.35,293169.69,0.09,0.78,11.688,11.56,11.467,288096.81,264345.39,221602.67,1.83,0
2014-12-02,11.6,11.64,11.61,11.45,272602.59,0.03,0.26,11.624,11.601,11.47,280618.36,277771.87,223931.75,1.7,0
2014-12-03,11.7,12.18,12.14,11.68,595098.19,0.53,4.57,11.7,11.66,11.5,344955.33,300928.84,244878.06,3.71,0
2014-12-04,12.19,12.43,12.32,12.06,525512.81,0.18,1.48,11.828,11.758,11.531,392740.11,335999.0,263886.31,3.27,0
2014-12-05,12.28,12.28,11.7,11.38,474871.0,-0.62,-5.03,11.87,11.787,11.541,432250.86,362243.89,279085.28,2.96,0
2014-12-08,11.74,12.1,11.84,11.72,401484.16,0.14,1.2,11.922,11.805,11.555,453913.75,371005.28,291408.19,2.5,0
2014-12-09,11.85,11.88,11.02,11.01,457849.62,-0.82,-6.93,11.804,11.714,11.554,490963.16,385790.76,302486.4,2.85,0
2014-12-10,11.03,11.42,11.39,11.03,194067.33,0.37,3.36,11.654,11.677,11.565,410756.98,377856.16,305172.75,1.21,0
2014-12-11,11.39,11.75,11.55,11.23,251932.62,0.16,1.41,11.5,11.664,11.575,356040.95,374390.53,305438.65,1.57,0
2014-12-12,11.66,11.82,11.73,11.54,290117.94,0.18,1.56,11.506,11.688,11.604,319090.33,375670.6,314329.69,1.81,0
2014-12-15,11.69,11.72,11.65,11.41,220992.98,-0.08,-0.68,11.468,11.695,11.628,282992.1,368452.92,316399.16,1.38,0
2014-12-16,11.7,11.98,11.95,11.7,422805.56,0.3,2.58,11.654,11.729,11.665,275983.29,383473.22,330622.54,2.63,0
2014-12-17,11.95,11.95,11.66,11.41,270574.94,-0.29,-2.43,11.708,11.681,11.671,291284.81,351020.9,325974.87,1.69,0
2014-12-18,11.67,12.43,12.37,11.67,535369.38,0.71,6.09,11.872,11.686,11.722,347972.16,352006.55,344002.78,3.33,0
2014-12-19,12.37,12.71,12.46,12.0,546620.75,0.09,0.73,12.018,11.762,11.775,399272.72,359181.53,360712.71,3.4,0
2014-12-22,12.55,13.2,12.93,12.16,705687.5,0.47,3.77,12.274,11.871,11.838,496211.63,389601.86,380303.57,4.39,0
2014-12-23,12.7,12.92,12.16,12.15,389244.31,-0.77,-5.96,12.316,11.985,11.85,489499.38,382741.33,384266.04,2.42,0
2014-12-24,12.26,12.36,11.87,11.78,259531.31,-0.29,-2.38,12.358,12.033,11.855,487290.65,389287.73,383571.94,1.62,0
2014-12-25,11.9,12.14,12.05,11.78,205746.98,0.18,1.52,12.294,12.083,11.874,421366.17,384669.17,379529.85,1.28,0
2014-12-26,12.05,12.12,12.01,11.92,244402.78,-0.04,-0.33,12.204,12.111,11.9,360922.58,380097.65,377884.12,1.52,0
2014-12-29,12.01,12.3,12.0,11.89,227394.25,-0.01,-0.08,12.018,12.146,11.921,265263.93,380737.78,374595.35,1.42,0
2014-12-30,12.02,12.86,12.7,12.01,583454.44,0.7,5.83,12.126,12.221,11.975,304105.95,396802.66,390137.94,3.63,0
2014-12-31,12.7,13.2,13.1,12.2,759508.19,0.4,3.15,12.372,12.365,12.023,404101.33,445695.99,398358.44,4.73,0
2015-01-05,13.15,14.15,13.52,12.96,827492.31,0.42,3.21,12.666,12.48,12.083,528450.39,474908.28,413457.42,5.15,0
2015-01-06,13.4,14.0,12.95,12.9,468646.25,-0.57,-4.22,12.854,12.529,12.146,573299.09,467110.83,413146.18,2.92,0
2015-01-07,12.85,13.03,12.89,12.55,265254.09,-0.06,-0.46,13.032,12.525,12.198,580871.06,423067.49,406334.68,1.65,0
2015-01-08,12.8,13.09,12.73,12.65,203517.38,-0.16,-1.24,13.038,12.582,12.284,504883.64,404494.8,393618.06,1.27,0
2015-01-09,12.6,12.9,12.4,12.4,197389.61,-0.33,-2.59,12.898,12.635,12.334,392459.93,398280.63,393784.18,1.23,0
2015-01-12,12.43,12.65,12.57,12.31,169343.92,0.17,1.37,12.708,12.687,12.385,260830.25,394640.32,389654.74,1.05,0
2015-01-13,12.55,12.66,12.46,12.4,169419.66,-0.11,-0.88,12.61,12.732,12.422,200984.93,387142.01,383619.83,1.05,0
2015-01-14,12.48,12.59,12.4,12.32,135792.89,-0.06,-0.48,12.512,12.772,12.459,175092.69,377981.87,379359.83,0.85,0
2015-01-15,12.44,12.57,12.51,12.35,161429.34,0.11,0.89,12.468,12.753,12.487,166675.08,335779.36,366291.01,1.01,0
2015-01-16,12.53,12.84,12.76,12.42,195271.48,0.25,2.0,12.54,12.719,12.542,166251.46,279355.69,362525.84,1.22,0
2015-01-19,12.29,12.51,11.65,11.51,266947.78,-1.11,-8.7,12.356,12.532,12.506,185772.23,223301.24,349104.76,1.66,0
2015-01-20,11.84,12.06,12.04,11.64,196325.22,0.39,3.35,12.272,12.441,12.485,191153.34,196069.14,331589.98,1.22,0
2015-01-21,12.04,12.33,12.27,11.95,169725.78,0.23,1.91,12.246,12.379,12.452,197939.92,186516.31,304791.9,1.06,0
2015-01-22,12.27,12.41,12.35,12.18,168688.89,0.08,0.65,12.214,12.341,12.462,199391.83,183033.46,293764.13,1.05,0
2015-01-23,12.39,12.43,12.14,12.09,157093.64,-0.21,-1.7,12.09,12.315,12.475,191756.26,179003.86,288642.24,0.98,0
2015-01-26,12.21,12.36,12.31,12.14,129229.98,0.17,1.4,12.222,12.289,12.488,164212.7,174992.47,284816.39,0.8,0
2015-01-27,12.35,12.79,12.6,12.33,319375.28,0.29,2.36,12.334,12.303,12.518,188822.71,189988.03,288565.02,1.99,0
2015-01-28,12.6,12.84,12.5,12.41,250609.0,-0.1,-0.79,12.38,12.313,12.543,204999.36,201469.64,289725.76,1.56,0
2015-01-29,12.41,12.62,12.44,12.29,117989.84,-0.06,-0.48,12.398,12.306,12.53,194859.55,197125.69,266452.53,0.73,0
2015-01-30,12.45,12.83,12.7,12.45,242081.66,0.26,2.09,12.51,12.3,12.51,211857.15,201806.71,240581.2,1.51,0
2015-02-02,12.96,13.1,12.49,12.45,304804.59,-0.21,-1.65,12.546,12.384,12.458,246972.07,205592.39,214446.81,1.9,0
2015-02-03,12.49,12.69,12.41,12.16,214210.88,-0.08,-0.64,12.508,12.421,12.431,225939.19,207380.95,201725.05,1.33,0
2015-02-04,12.41,12.41,12.18,12.16,144452.27,-0.23,-1.85,12.444,12.412,12.396,204707.85,204853.6,195684.95,0.9,0
2015-02-05,12.31,12.44,12.18,12.16,138860.92,0.0,0.0,12.392,12.395,12.368,208882.06,201870.81,192452.13,0.86,0
2015-02-06,12.07,12.27,11.8,11.69,116094.32,-0.38,-3.12,12.212,12.361,12.338,183684.6,197770.87,188387.37,0.72,0
2015-02-09,11.78,12.13,11.92,11.72,75409.9,0.12,1.02,12.098,12.322,12.306,137805.66,192388.87,183690.67,0.47,0
2015-02-10,11.92,12.09,12.0,11.9,72242.83,0.08,0.67,12.016,12.262,12.283,109412.05,167675.62,178831.82,0.45,0
2015-02-11,12.15,12.59,12.42,12.11,169138.22,0.42,3.5,12.064,12.254,12.284,114349.24,159528.54,180499.09,1.05,0
2015-02-12,12.76,13.08,12.56,12.51,207890.17,0.14,1.13,12.14,12.266,12.286,128155.09,168518.58,182822.13,1.29,0
2015-02-13,12.42,13.03,12.83,12.42,274380.12,0.27,2.15,12.346,12.279,12.29,159812.25,171748.42,186777.56,1.71,0
2015-02-16,12.88,13.11,12.95,12.78,248515.86,0.12,0.94,12.552,12.325,12.355,194433.44,166119.55,185855.97,1.55,0
2015-02-17,13.18,13.3,12.97,12.88,214172.69,0.02,0.15,12.746,12.381,12.401,222819.41,166115.73,186748.34,1.33,0
2015-02-24,13.15,13.3,13.15,13.11,7619.0,0.18,1.39,12.892,12.478,12.445,190515.57,152432.4,178643.0,0.05,0
2015-02-25,12.99,13.04,12.62,12.58,175679.02,-0.35,-2.7,12.904,12.522,12.459,184073.34,156114.21,178992.51,1.09,0
2015-02-26,12.68,13.88,13.49,12.62,469873.91,0.87,6.89,13.036,12.691,12.526,223172.1,191492.17,194631.52,2.93,0
2015-02-27,13.4,13.65,13.51,13.22,288087.5,0.02,0.15,13.148,12.85,12.586,231086.42,212759.93,202574.4,1.79,0
2015-03-02,13.54,14.08,13.7,13.36,355660.66,0.19,1.41,13.294,13.02,12.641,259384.02,241101.72,204388.67,2.21,0
2015-03-03,13.57,14.29,13.77,13.55,393508.03,0.07,0.51,13.418,13.155,12.705,336561.82,263538.7,211533.62,2.45,0
2015-03-04,13.85,15.15,15.15,13.81,774687.44,1.38,10.02,13.924,13.414,12.84,456363.51,320218.42,244368.5,4.82,0
2015-03-05,15.15,15.47,14.53,14.53,535375.75,-0.62,-4.09,14.132,13.584,12.932,469463.88,346317.99,259033.2,3.33,0
2015-03-06,14.52,14.8,13.76,13.69,511293.41,-0.77,-5.3,14.182,13.665,12.995,514105.06,372595.74,269357.64,3.18,0
2015-03-09,13.73,14.19,14.11,13.6,261947.86,0.35,2.54,14.264,13.779,13.08,495362.5,377373.26,271744.49,1.63,0
2015-03-10,14.12,14.15,13.99,13.8,240200.23,-0.12,-0.85,14.308,13.863,13.171,464700.94,400631.38,276531.89,1.5,0
2015-03-11,14.0,14.28,13.64,13.52,304453.78,-0.35,-2.5,14.006,13.965,13.244,370654.21,413508.86,284811.54,1.9,0
2015-03-12,13.68,13.75,13.52,13.35,218564.48,-0.12,-0.88,13.804,13.968,13.33,307291.95,388377.91,289935.04,1.36,0
2015-03-13,13.54,13.87,13.69,13.51,216313.44,0.17,1.26,13.79,13.986,13.418,248295.96,381200.51,296980.22,1.35,0
2015-03-16,13.81,14.39,14.22,13.68,396272.41,0.53,3.87,13.812,14.038,13.529,275160.87,385261.68,313181.7,2.47,0
2015-03-17,14.48,14.5,14.37,14.08,399974.44,0.15,1.05,13.888,14.098,13.627,307115.71,385908.32,324723.51,2.49,0
2015-03-18,14.44,15.07,14.92,14.43,523684.66,0.55,3.83,14.144,14.075,13.745,350961.89,360808.05,340513.23,3.26,0
2015-03-19,14.97,15.0,14.71,14.5,374883.97,-0.21,-1.41,14.382,14.093,13.839,382225.78,344758.87,345538.43,2.33,0
2015-03-20,14.61,14.86,14.71,14.57,265182.31,0.0,0.0,14.586,14.188,13.927,391999.56,320147.76,346371.75,1.65,0
2015-03-23,14.8,15.1,15.0,14.69,434821.31,0.29,1.97,14.742,14.277,14.028,399709.34,337435.1,357404.18,2.71,0
2015-03-24,14.98,16.1,15.67,14.52,687988.62,0.67,4.47,15.002,14.445,14.154,457312.17,382213.94,391422.66,4.28,0
2015-03-25,15.35,15.77,15.27,15.1,429674.59,-0.4,-2.55,15.072,14.608,14.287,438510.16,394736.02,404122.44,2.68,0
2015-03-26,15.2,15.44,15.19,14.9,266996.0,-0.08,-0.52,15.168,14.775,14.372,416932.57,399579.18,393978.54,1.66,0
2015-03-27,15.19,15.39,15.23,15.08,223334.91,0.04,0.26,15.272,14.929,14.458,408563.09,400281.32,390740.92,1.39,0
2015-03-30,15.37,15.45,15.26,14.98,344255.66,0.03,0.2,15.324,15.033,14.536,390449.96,395079.65,390170.67,2.14,0
2015-03-31,15.35,15.64,15.11,15.0,343730.03,-0.15,-0.98,15.212,15.107,14.603,321598.24,389455.21,387681.77,2.14,0
2015-04-01,15.11,15.45,15.24,15.0,304771.62,0.13,0.86,15.206,15.139,14.607,296617.64,367563.9,364185.97,1.9,0
2015-04-02,15.4,15.86,15.58,15.4,414978.28,0.34,2.23,15.284,15.226,14.66,326214.1,371573.33,358166.1,2.58,0
2015-04-03,15.67,16.09,15.95,15.59,423208.38,0.37,2.38,15.428,15.35,14.769,366188.79,387375.94,353761.85,2.64,0
2015-04-07,15.96,16.6,16.28,15.96,371453.94,0.33,2.07,15.632,15.478,14.878,371628.45,381039.2,359237.15,2.31,0
2015-04-08,16.3,16.39,15.78,15.61,363701.47,-0.5,-3.07,15.766,15.489,14.967,375622.74,348610.49,365412.22,2.26,0
2015-04-09,15.61,15.8,15.25,14.92,297313.84,-0.53,-3.36,15.768,15.487,15.048,374131.18,335374.41,365055.22,1.85,0
2015-04-10,15.27,15.68,15.49,15.18,248900.16,0.24,1.57,15.75,15.517,15.146,340915.56,333564.83,366572.0,1.55,0
2015-04-13,15.5,15.78,15.66,15.25,285882.69,0.17,1.1,15.692,15.56,15.245,313450.42,339819.61,370050.46,1.78,0
2015-04-14,15.86,17.23,16.76,15.82,650509.62,1.1,7.02,15.788,15.71,15.372,369261.56,370445.0,382762.33,4.05,0
2015-04-15,16.77,17.4,16.75,16.44,506571.69,-0.01,-0.06,15.982,15.874,15.491,397835.6,386729.17,388092.19,3.15,0
2015-04-16,16.48,17.15,16.76,16.08,314986.31,0.01,0.06,16.284,16.026,15.583,401370.09,387750.64,377657.27,1.96,0
2015-04-17,16.8,18.44,18.44,16.6,634981.81,1.68,10.02,16.874,16.312,15.769,478586.42,409750.99,390662.16,3.95,0
2015-04-20,18.47,19.82,17.72,17.66,785496.81,-0.72,-3.9,17.286,16.489,15.92,578509.25,445979.83,416677.89,4.89,0
2015-04-21,17.33,18.7,18.35,17.33,375220.91,0.63,3.56,17.604,16.696,16.087,523451.51,446356.53,413697.87,2.34,0
2015-04-22,18.24,19.36,19.15,18.05,412209.0,0.8,4.36,18.084,17.033,16.261,504578.97,451207.28,399908.89,2.57,0
2015-04-23,19.36,20.19,19.6,19.03,464112.38,0.45,2.35,18.652,17.468,16.478,534404.18,467887.14,401630.78,2.89,0
2015-04-24,19.42,19.42,19.06,18.7,378118.88,-0.54,-2.75,18.776,17.825,16.671,483031.6,480809.01,407186.92,2.35,0
2015-04-27,19.1,19.66,19.1,18.66,317101.34,0.04,0.21,19.052,18.169,16.865,389352.5,483930.88,411875.24,1.97,0
2015-04-28,18.8,19.05,17.96,17.69,322464.31,-1.14,-5.97,18.974,18.289,17.0,378801.18,451126.34,410785.67,2.01,0
2015-04-29,17.96,18.98,18.78,17.8,253097.94,0.82,4.57,18.9,18.492,17.183,346978.97,425778.97,406254.07,1.58,0
2015-04-30,19.38,20.18,19.52,18.82,428486.34,0.74,3.94,18.884,18.768,17.397,339853.76,437128.97,412439.81,2.67,0
2015-05-04,19.37,20.18,20.05,19.37,260359.59,0.53,2.71,19.082,18.929,17.621,316301.9,399666.75,404708.87,1.62,0
2015-05-05,20.05,20.06,18.9,18.76,246058.73,-1.15,-5.74,19.042,19.047,17.768,302093.38,345722.94,395851.39,1.53,0
2015-05-06,19.4,19.79,19.11,18.95,280576.97,0.21,1.11,19.272,19.123,17.91,293715.91,336258.55,391307.54,1.75,0
2015-05-07,19.25,20.8,20.0,19.25,567254.06,0.89,4.66,19.516,19.208,18.121,356547.14,351763.05,401485.17,3.53,0
2015-05-08,20.2,22.0,22.0,20.2,530715.75,2.0,10.0,20.012,19.448,18.458,376993.02,358423.39,413155.26,3.3,0
2015-05-11,22.98,24.0,23.31,21.68,612669.44,1.31,5.96,20.664,19.873,18.849,447454.99,381878.45,431343.73,3.82,0
2015-05-12,22.94,25.64,25.64,22.66,674813.06,2.33,10.0,22.012,20.527,19.348,533205.86,417649.62,450790.25,4.2,0
2015-05-13,25.5,27.78,26.11,25.15,571015.5,0.47,1.83,23.412,21.342,19.816,591293.56,442504.74,446815.54,3.56,0
2015-05-14,26.08,27.27,25.27,25.0,446626.19,-0.84,-3.22,24.466,21.991,20.242,567167.99,461857.56,443818.27,2.78,0
2015-05-15,25.31,25.55,24.5,23.64,389767.41,-0.77,-3.05,24.966,22.489,20.629,538978.32,457985.67,447557.32,2.43,0
2015-05-18,24.2,25.09,24.78,24.07,302136.53,0.28,1.14,25.26,22.962,20.946,476871.74,462163.36,430915.06,1.88,0
2015-05-19,24.76,24.87,24.71,23.88,412722.28,-0.07,-0.28,25.074,23.543,21.295,424453.58,478829.72,412276.33,2.57,0
2015-05-20,24.72,26.1,25.39,24.4,525516.75,0.68,2.75,24.93,24.171,21.647,415353.83,503323.7,419791.12,3.27,0
2015-05-21,25.39,25.95,25.66,24.95,499270.28,0.27,1.06,25.008,24.737,21.973,425882.65,496525.32,424144.19,3.11,0
2015-05-22,25.89,26.26,25.06,24.68,433380.44,-0.6,-2.34,25.12,25.043,22.246,434605.26,486791.79,422607.59,2.7,0
2015-05-25,24.8,25.3,24.91,24.13,385637.72,-0.15,-0.6,25.146,25.203,22.538,451305.49,464088.62,422983.53,2.4,0
2015-05-26,25.01,26.91,26.65,24.41,706077.44,1.74,6.99,25.534,25.304,22.916,509976.53,467215.05,442432.34,4.4,0
2015-05-27,26.92,28.18,28.0,26.25,707388.5,1.35,5.07,26.056,25.493,23.418,546350.88,480852.35,461678.55,4.4,0
2015-05-28,28.02,28.29,25.2,25.2,608772.12,-2.8,-10.0,25.964,25.486,23.739,568251.24,497066.95,479462.26,3.79,0
2015-05-29,25.0,25.65,24.3,22.78,391207.28,-0.9,-3.57,25.812,25.466,23.978,559816.61,497210.93,477598.3,2.44,0
2015-06-01,24.32,25.63,25.36,24.31,410117.72,1.06,4.36,25.902,25.524,24.243,564712.61,508009.05,485086.21,2.55,0
2015-06-02,25.29,26.49,26.32,24.88,479547.28,0.96,3.79,25.836,25.685,24.614,519406.58,514691.55,496760.64,2.99,0
2015-06-03,26.4,26.98,26.73,25.1,590306.12,0.41,1.56,25.582,25.819,24.995,495990.1,521170.49,512247.09,3.68,0
2015-06-04,26.39,26.59,25.96,24.38,355998.41,-0.77,-2.88,25.734,25.849,25.293,445435.36,506843.3,501684.31,2.22,0
2015-06-05,26.01,27.0,26.91,25.22,656955.62,0.95,3.66,26.256,26.034,25.539,498585.03,529200.82,507996.3,4.09,0
2015-06-08,27.51,27.99,27.04,26.27,671873.06,0.13,0.48,26.592,26.247,25.725,550936.1,557824.36,510956.49,4.18,0
2015-06-09,27.0,27.0,26.05,25.88,389018.16,-0.99,-3.66,26.538,26.187,25.746,532830.27,526118.43,496666.74,2.42,0
2015-06-10,26.0,26.5,26.01,25.26,351034.06,-0.04,-0.15,26.394,25.988,25.741,484975.86,490482.98,485667.67,2.19,0
2015-06-11,26.12,27.26,27.0,25.8,602462.88,0.99,3.81,26.602,26.168,25.827,534268.76,489852.06,493459.5,3.75,0
2015-06-12,27.0,27.37,26.61,26.41,466867.66,-0.39,-1.44,26.542,26.399,25.933,496251.16,497418.1,497314.52,2.91,0
2015-06-15,26.8,28.58,27.99,26.6,830725.56,1.38,5.19,26.732,26.662,26.093,528021.66,539478.88,523743.97,5.17,0
2015-06-16,27.5,27.6,26.99,25.97,462423.34,-1.0,-3.57,26.92,26.729,26.207,542702.7,537766.49,526229.02,2.88,0
2015-06-17,26.81,26.99,26.25,24.59,413017.06,-0.74,-2.74,26.968,26.681,26.25,555099.3,520037.58,520604.04,2.57,0
2015-06-18,26.25,26.26,25.18,24.8,286559.75,-1.07,-4.08,26.604,26.603,26.226,491918.67,513093.72,509968.51,1.78,0
2015-06-19,24.6,24.6,22.66,22.66,331532.34,-2.52,-10.01,25.814,26.178,26.106,464851.61,480551.39,504876.1,2.06,0
2015-06-23,22.7,22.99,22.89,20.39,362533.03,0.23,1.01,24.794,25.763,26.005,371213.1,449617.38,503720.87,2.26,0
2015-06-24,23.02,24.3,24.0,22.95,340164.75,1.11,4.85,24.196,25.558,25.873,346761.39,444732.04,485425.24,2.12,0
2015-06-25,24.68,25.09,24.0,22.11,335954.53,0.0,0.0,23.746,25.357,25.673,331348.88,443224.09,466853.54,2.09,0
2015-06-26,23.2,25.55,21.6,21.6,579051.0,-2.4,-10.0,23.03,24.817,25.493,389847.13,440882.9,465367.48,3.61,0
2015-06-29,22.0,22.5,19.4,19.4,396113.75,-2.15,-9.98,22.378,24.096,25.248,402763.41,433807.51,465612.8,2.47,0
2015-06-30,18.9,20.62,20.4,17.46,479733.41,1.0,5.16,21.88,23.337,25.0,426203.49,398708.3,469093.59,2.98,0
2015-07-01,19.77,21.15,18.37,18.36,362174.59,-2.03,-9.95,20.754,22.475,24.602,430605.46,388683.42,463224.95,2.25,0
2015-07-02,18.36,18.85,16.53,16.53,367160.44,-1.84,-10.02,19.26,21.503,24.092,436846.64,384097.76,452067.67,2.28,0
2015-07-03,16.0,16.38,14.88,14.88,433437.78,-1.65,-9.98,17.916,20.473,23.538,407723.99,398785.56,455939.64,2.7,0
2015-07-06,16.37,16.37,14.17,13.39,633786.81,-0.71,-4.77,16.87,19.624,22.901,455258.61,429011.01,454781.2,3.94,0
2015-07-07,13.0,13.48,12.79,12.75,591812.19,-1.38,-9.74,15.348,18.614,22.189,477674.36,451938.93,450778.15,3.68,0
2015-07-08,11.51,12.09,11.51,11.51,773474.62,-1.28,-10.01,13.976,17.365,21.462,559934.37,495269.91,470000.98,4.81,0
2015-07-09,11.51,12.66,12.66,10.8,423197.75,1.15,9.99,13.202,16.231,20.794,571141.83,503994.23,473609.16,2.63,0
2015-07-10,13.15,13.93,13.93,13.15,115963.78,1.27,10.03,13.012,15.464,20.141,507647.03,457685.51,449284.21,0.72,0
2015-07-13,15.32,15.32,15.32,14.67,500615.97,1.39,9.98,13.242,15.056,19.576,481012.86,468135.73,450971.62,3.11,0
2015-07-14,16.3,16.85,16.12,15.6,644364.94,0.8,5.22,13.908,14.628,18.983,491523.41,484598.89,441653.59,4.01,0
2015-07-15,15.58,16.82,15.3,14.51,432077.25,-0.82,-5.09,14.666,14.321,18.398,423243.94,491589.15,440136.29,2.69,0
2015-07-16,15.3,16.17,15.98,14.48,327123.19,0.68,4.44,15.33,14.266,17.885,404029.03,487585.43,435841.59,2.03,0
2015-07-17,16.03,17.2,16.8,16.02,310925.09,0.82,5.13,15.904,14.458,17.466,443021.29,475334.16,437059.86,1.93,0
2015-07-20,16.82,17.18,16.51,16.1,371656.56,-0.29,-1.73,16.142,14.692,17.158,417229.41,449121.13,439066.07,2.31,0
2015-07-21,16.15,16.7,16.48,16.01,297133.03,-0.03,-0.18,16.214,15.061,16.838,347783.02,419653.22,435796.07,1.85,0
2015-07-22,16.87,17.45,16.69,16.27,440162.81,0.21,1.27,16.492,15.579,16.472,349400.14,386322.04,440795.97,2.74,0
2015-07-23,16.81,17.25,17.1,16.74,562675.81,0.41,2.46,16.716,16.023,16.127,396510.66,400269.84,452132.04,3.5,0
2015-07-24,17.2,17.29,16.27,16.13,490782.38,-0.83,-4.85,16.61,16.257,15.861,432482.12,437751.7,447718.61,3.05,0
2015-07-27,15.8,16.47,14.64,14.64,429898.88,-1.63,-10.02,16.236,16.189,15.623,444130.58,430679.99,449407.86,2.67,0
2015-07-28,14.2,15.15,15.0,13.3,447708.19,0.36,2.46,15.94,16.077,15.353,474245.61,411014.32,447806.6,2.78,0
2015-07-29,14.95,15.84,15.78,14.95,288050.38,0.78,5.2,15.758,16.125,15.223,443823.13,396611.63,444100.39,1.79,0
2015-07-30,15.69,16.18,15.5,15.33,292020.75,-0.28,-1.77,15.438,16.077,15.172,389692.12,393101.39,440343.41,1.82,0
2015-07-31,15.26,15.78,15.5,15.19,185089.97,0.0,0.0,15.284,15.947,15.203,328553.63,380517.88,427926.02,1.15,0
2015-08-03,15.36,15.71,15.49,15.19,169689.8,-0.01,-0.07,15.454,15.845,15.269,276511.82,360321.2,404721.17,1.06,0
2015-08-04,15.55,16.49,16.43,15.45,196011.8,0.94,6.07,15.74,15.84,15.451,226172.54,350209.08,384931.15,1.22,0
2015-08-05,16.51,16.52,16.3,15.9,172242.27,-0.13,-0.79,15.844,15.801,15.69,203010.92,323417.02,354869.53,1.07,0
2015-08-06,15.92,16.48,16.2,15.8,108181.8,-0.1,-0.61,15.984,15.711,15.867,166243.13,277967.62,339118.73,0.67,0
2015-08-07,16.25,16.74,16.45,16.22,172582.98,0.25,1.54,16.174,15.729,15.993,163741.73,246147.68,341949.69,1.07,0
2015-08-10,16.5,17.5,17.18,16.5,346789.25,0.73,4.44,16.512,15.983,16.086,199161.62,237836.72,334258.36,2.16,0
2015-08-11,17.6,18.58,17.42,17.18,523993.62,0.24,1.4,16.71,16.225,16.151,264757.98,245465.26,328239.79,3.26,0
2015-08-12,17.03,17.25,16.35,16.3,449406.44,-1.07,-6.14,16.72,16.282,16.204,320190.82,261600.87,329106.25,2.8,0
2015-08-13,16.01,16.99,16.88,15.92,321010.0,0.53,3.24,16.856,16.42,16.249,362756.46,264499.79,328800.59,2.0,0
2015-08-14,17.14,18.28,17.57,17.0,516860.22,0.69,4.09,17.08,16.627,16.287,431611.91,297676.82,339097.35,3.21,0
2015-08-17,17.4,17.85,17.4,17.2,410430.53,-0.17,-0.97,17.124,16.818,16.332,444340.16,321750.89,341036.05,2.55,0
2015-08-18,17.46,17.8,15.66,15.66,387146.66,-1.74,-10.0,16.772,16.741,16.291,416970.77,340864.38,345536.73,2.41,0
2015-08-19,14.89,15.88,15.66,14.18,368994.16,0.0,0.0,16.634,16.677,16.239,400888.31,360539.57,341978.29,2.3,0
2015-08-20,15.4,16.18,15.51,15.05,291288.28,-0.15,-0.96,16.36,16.608,16.16,394943.97,378850.21,328408.92,1.81,0
2015-08-21,15.08,15.48,14.6,14.5,223203.23,-0.91,-5.87,15.766,16.423,16.076,336212.57,383912.24,315029.96,1.39,0
2015-08-24,13.3,14.0,13.14,13.14,169103.94,-1.46,-10.0,14.914,16.019,16.001,287947.25,366143.71,301990.21,1.05,0
2015-08-25,11.84,12.73,12.66,11.83,566036.0,-0.48,-3.65,14.314,15.543,15.884,323725.12,370347.95,307906.6,3.52,0
2015-08-26,12.9,13.44,13.0,12.3,259435.08,0.34,2.69,13.782,15.208,15.745,301813.31,351350.81,306475.84,1.61,0
2015-08-27,13.17,13.93,13.93,12.01,314629.31,0.93,7.15,13.466,14.913,15.667,306481.51,350712.74,307606.27,1.96,0
2015-08-28,13.73,14.95,14.83,13.73,236704.8,0.9,6.46,13.512,14.639,15.633,309181.83,322697.2,310187.01,1.47,0
2015-08-31,14.55,14.93,14.4,14.22,145699.8,-0.43,-2.9,13.764,14.339,15.579,304501.0,296224.13,308987.51,0.91,0
2015-09-01,14.38,14.97,14.95,13.54,314777.25,0.55,3.82,14.222,14.268,15.505,254249.25,288987.19,314925.78,1.96,0
2015-09-02,14.04,14.9,14.28,13.6,201809.06,-0.67,-4.48,14.478,14.13,15.404,242724.04,272268.68,316404.12,1.26,0
2015-09-07,14.39,14.87,13.35,12.85,411720.5,-0.93,-6.51,14.362,13.914,15.261,262142.28,284311.9,331581.06,2.56,0
2015-09-08,13.34,13.67,13.51,12.5,306046.38,0.16,1.2,14.098,13.805,15.114,276010.6,292596.21,338254.23,1.9,0
2015-09-09,13.48,14.66,14.58,13.35,216019.48,1.07,7.92,14.134,13.949,14.984,290074.53,297287.77,331715.74,1.34,0
2015-09-10,14.29,14.68,13.8,13.8,129682.87,-0.78,-5.35,13.904,14.063,14.803,253055.66,253652.45,312000.2,0.81,0
2015-09-11,13.81,14.05,13.65,13.42,91497.11,-0.15,-1.09,13.778,14.128,14.668,230993.27,236858.66,294104.73,0.57,0
2015-09-14,13.68,14.13,12.8,12.75,154306.97,-0.85,-6.23,13.668,14.015,14.464,179510.56,220826.42,285769.58,0.96,0
2015-09-15,12.47,13.12,13.03,12.25,149152.06,0.23,1.8,13.572,13.835,14.237,148131.7,212071.15,267384.17,0.93,0
2015-09-16,13.02,14.33,13.99,12.91,161304.75,0.96,7.37,13.454,13.794,14.067,137188.75,213631.64,254927.88,1.0,0
2015-09-17,13.8,14.63,14.35,13.6,407831.09,0.36,2.57,13.564,13.734,14.001,192818.4,222937.03,255962.11,2.54,0
2015-09-18,14.2,15.69,15.5,14.18,649114.19,1.15,8.01,13.934,13.856,13.993,304341.81,267667.54,269968.11,4.04,0
2015-09-21,15.35,15.98,15.98,15.08,548407.62,0.48,3.1,14.57,14.119,14.017,383161.94,281336.25,282824.07,3.41,0
2015-09-22,15.78,16.58,15.88,15.64,477477.19,-0.1,-0.63,15.14,14.356,14.081,448826.97,298479.33,295537.77,2.97,0
2015-09-23,15.5,15.97,15.29,15.27,178845.52,-0.59,-3.71,15.4,14.427,14.188,452335.12,294761.94,296024.85,1.11,0
2015-09-24,15.3,15.56,15.2,15.06,166529.77,-0.09,-0.59,15.57,14.567,14.315,404074.86,298446.63,276049.54,1.04,0
2015-09-25,15.19,15.4,14.6,14.11,163046.8,-0.6,-3.95,15.39,14.662,14.395,306861.38,305601.6,271230.13,1.01,0
2015-09-28,14.5,14.75,14.57,14.13,121708.25,-0.03,-0.2,15.108,14.839,14.427,221521.51,302341.72,261584.07,0.76,0
2015-09-29,14.3,14.5,14.5,13.74,140201.27,-0.07,-0.48,14.832,14.986,14.411,154066.32,301446.64,256758.9,0.87,0
2015-09-30,14.46,14.71,14.33,14.33,95075.2,-0.17,-1.17,14.64,15.02,14.407,137312.26,294823.69,254227.67,0.59,0
2015-10-07,14.69,14.69,14.6,14.5,2044.1,0.27,1.88,14.52,15.045,14.39,104415.12,254244.99,238591.01,0.01,0
2015-10-08,14.69,14.85,14.78,14.55,187502.69,0.45,3.14,14.556,14.973,14.415,109306.3,208083.84,237875.69,1.17,0
2015-10-09,14.78,14.88,14.73,14.6,163838.91,-0.05,-0.34,14.588,14.848,14.484,117732.43,169626.97,225481.61,1.02,0
2015-10-12,15.04,16.2,16.15,14.92,843793.56,1.42,9.64,14.918,14.875,14.616,258450.89,206258.61,252368.97,5.25,0
2015-10-13,15.88,16.47,16.22,15.81,586819.12,0.07,0.43,15.296,14.968,14.698,356799.68,247055.97,270908.95,3.65,0
2015-10-14,16.5,16.58,15.99,15.73,356631.03,-0.23,-1.42,15.574,15.047,14.807,427717.06,266066.09,282256.36,2.22,0
2015-10-15,16.0,16.49,16.38,15.89,659085.38,0.39,2.44,15.894,15.225,14.944,522033.6,315669.95,310635.77,4.1,0
2015-10-16,16.41,16.5,16.15,15.8,531119.5,-0.23,-1.4,16.178,15.383,15.111,595489.72,356611.08,329476.4,3.3,0
2015-10-19,16.13,16.17,16.01,15.74,344087.59,-0.14,-0.87,16.15,15.534,15.26,495548.52,376999.71,339223.18,2.14,0
2015-10-20,15.92,16.69,16.39,15.92,570220.62,0.38,2.37,16.184,15.74,15.38,492228.82,424514.25,359668.97,3.55,0
2015-10-21,16.36,16.48,14.75,14.75,486238.53,-1.64,-10.01,15.936,15.755,15.4,518150.32,472933.69,363589.34,3.02,0
2015-10-22,14.78,15.15,14.98,14.26,346022.84,0.23,1.56,15.656,15.775,15.374,455537.82,488785.71,348434.77,2.15,0
2015-10-23,14.99,15.34,15.29,14.73,290915.19,0.31,2.07,15.484,15.831,15.34,407496.95,501493.34,335560.15,1.81,0
2015-10-26,15.45,15.94,15.43,15.19,320854.56,0.14,0.92,15.368,15.759,15.317,402850.35,449199.44,327729.02,2.0,0
2015-10-27,15.06,15.27,15.11,14.38,266719.12,-0.32,-2.07,15.112,15.648,15.308,342150.05,417189.44,332122.7,1.66,0
2015-10-28,15.05,15.14,14.69,14.6,192130.36,-0.42,-2.78,15.1,15.518,15.283,283328.41,400739.37,333402.73,1.2,0
2015-10-29,14.8,15.25,15.06,14.7,241853.31,0.37,2.52,15.116,15.386,15.306,262494.51,359016.16,337343.06,1.5,0
2015-10-30,15.06,15.2,14.8,14.65,176664.8,-0.26,-1.73,15.018,15.251,15.317,239644.43,323570.69,340090.88,1.1,0
2015-11-02,14.51,14.77,14.15,14.15,191341.41,-0.65,-4.39,14.762,15.065,15.3,213741.8,308296.07,342647.89,1.19,0
2015-11-03,14.5,14.71,14.33,14.19,174601.58,0.18,1.27,14.606,14.859,15.3,195318.29,268734.17,346624.21,1.09,0
2015-11-04,14.4,15.08,15.04,14.4,315085.66,0.71,4.96,14.676,14.888,15.322,219909.35,251618.88,362276.29,1.96,0
2015-11-05,15.09,15.63,15.29,14.99,415077.5,0.25,1.66,14.722,14.919,15.347,254554.19,258524.35,373655.03,2.58,0
2015-11-06,15.32,15.61,15.5,15.14,364025.75,0.21,1.37,14.862,14.94,15.386,292026.38,265835.41,383664.37,2.26,0
2015-11-09,15.5,16.0,15.77,15.33,509800.59,0.27,1.74,15.186,14.974,15.367,355718.22,284730.01,366964.72,3.17,0
2015-11-10,16.1,16.55,15.24,15.24,694432.69,-0.53,-3.36,15.368,14.987,15.318,459684.44,327501.37,372345.4,4.32,0
2015-11-11,15.5,15.88,15.82,15.29,473682.28,0.58,3.81,15.524,15.1,15.309,491403.76,355656.56,378197.96,2.95,0
2015-11-12,15.84,16.33,15.97,15.71,451781.84,0.15,0.95,15.66,15.191,15.289,498744.63,376649.41,367832.79,2.81,0
2015-11-13,15.77,15.79,15.39,15.37,275773.12,-0.58,-3.63,15.638,15.25,15.251,481094.1,386560.24,355065.47,1.72,0
2015-11-16,14.95,15.45,15.44,14.95,190692.91,0.05,0.33,15.572,15.379,15.222,417272.57,386495.39,347395.73,1.19,0
2015-11-17,15.52,16.24,15.9,15.48,377675.97,0.46,2.98,15.704,15.536,15.198,353921.22,406802.83,337768.5,2.35,0
2015-11-18,15.87,16.32,15.46,15.43,300422.28,-0.44,-2.77,15.632,15.578,15.233,319269.22,405336.49,328477.69,1.87,0
2015-11-19,15.52,15.85,15.79,15.47,182403.06,0.33,2.13,15.596,15.628,15.274,265393.47,382069.05,320296.7,1.13,0
2015-11-20,15.79,16.15,16.0,15.72,322404.59,0.21,1.33,15.718,15.678,15.309,274719.76,377906.93,321871.17,2.01,0
2015-11-23,16.0,16.14,15.78,15.68,280060.59,-0.22,-1.38,15.786,15.679,15.327,292593.3,354932.93,319831.47,1.74,0
2015-11-24,15.8,15.84,15.6,15.44,195241.67,-0.18,-1.14,15.726,15.715,15.351,256106.44,305013.83,316257.6,1.21,0
2015-11-25,15.65,15.96,15.95,15.48,296015.72,0.35,2.24,15.824,15.728,15.414,255225.13,287247.18,321451.87,1.84,0
2015-11-26,16.01,16.34,16.12,15.86,562418.38,0.17,1.07,15.89,15.743,15.467,331228.19,298310.83,337480.12,3.5,0
2015-11-27,16.13,16.14,14.9,14.64,383432.94,-1.22,-7.57,15.67,15.694,15.472,343433.86,309076.81,347818.53,2.39,0
2015-11-30,14.95,15.14,14.77,14.2,253376.16,-0.13,-0.87,15.468,15.627,15.503,338096.97,315345.14,350920.26,1.58,0
2015-12-01,14.84,15.19,15.19,14.7,185998.48,0.42,2.84,15.386,15.556,15.546,336248.34,296177.39,351490.11,1.16,0
2015-12-02,15.18,15.58,15.49,15.0,218854.94,0.3,1.98,15.294,15.559,15.569,320816.18,288020.65,346678.57,1.36,0
2015-12-03,15.49,16.26,15.92,15.34,355744.12,0.43,2.78,15.254,15.572,15.6,279481.33,305354.76,343711.9,2.21,0
2015-12-04,15.9,16.25,16.2,15.63,480128.03,0.28,1.76,15.514,15.592,15.635,298820.35,321127.1,349517.02,2.99,0
2015-12-07,16.33,17.4,17.39,15.9,1130782.75,1.19,7.35,16.038,15.753,15.716,474301.66,406199.32,380566.13,7.03,0
2015-12-08,17.36,17.37,16.99,16.5,687442.5,-0.4,-2.3,16.398,15.892,15.804,574590.47,455419.4,380216.62,4.28,0
2015-12-09,16.97,17.59,17.13,16.69,722514.94,0.14,0.82,16.726,16.01,15.869,675322.47,498069.32,392658.25,4.49,0
2015-12-10,17.13,17.18,16.3,16.25,500287.88,-0.83,-4.84,16.802,16.028,15.886,704231.22,491856.27,395083.55,3.11,0
2015-12-11,16.3,17.93,17.93,16.19,908134.12,1.63,10.0,17.148,16.331,16.013,789832.44,544326.39,426701.6,5.65,0
2015-12-14,17.84,18.27,17.93,17.28,752414.94,0.0,0.0,17.256,16.647,16.137,714158.88,594230.27,454787.7,4.68,0
2015-12-15,17.94,18.8,18.47,17.6,863674.12,0.54,3.01,17.552,16.975,16.266,749405.2,661997.83,479087.61,5.37,0
2015-12-16,18.34,18.66,18.17,18.05,513321.56,-0.3,-1.62,17.76,17.243,16.401,707566.52,691444.5,489732.57,3.19,0
2015-12-17,18.19,18.94,18.32,18.06,720235.38,0.15,0.83,18.164,17.483,16.528,751556.02,727893.62,516624.19,4.48,0
2015-12-18,18.15,19.21,18.92,17.78,726570.38,0.6,3.27,18.362,17.755,16.674,715243.28,752537.86,536832.48,4.52,0
2015-12-21,19.0,20.8,19.92,18.78,815594.62,1.0,5.29,18.76,18.008,16.881,727879.21,721019.04,563609.18,5.07,0
2015-12-22,20.0,20.75,20.3,19.5,579561.25,0.38,1.91,19.126,18.339,17.116,671056.64,710230.92,582825.16,3.6,0
2015-12-23,20.29,21.29,19.88,19.7,697966.19,-0.42,-2.07,19.468,18.614,17.312,707985.56,707776.04,602922.68,4.34,0
2015-12-24,19.85,20.15,19.7,19.08,490479.62,-0.18,-0.91,19.744,18.954,17.491,662034.41,706795.22,599325.75,3.05,0
2015-12-25,19.59,19.77,19.22,18.96,464040.31,-0.48,-2.44,19.804,19.083,17.707,609528.4,662385.84,603356.11,2.89,0
2015-12-28,19.25,19.45,18.48,18.48,515717.12,-0.74,-3.85,19.516,19.138,17.893,549552.9,638716.05,616473.16,3.21,0
2015-12-29,18.41,18.58,18.18,18.05,395974.84,-0.3,-1.62,19.092,19.109,18.042,512835.62,591946.13,626971.98,2.46,0
2015-12-30,18.29,18.66,18.51,18.17,343669.5,0.33,1.81,18.818,19.143,18.193,441976.28,574980.92,633212.71,2.14,0
2015-12-31,18.4,18.78,17.69,17.52,329853.09,-0.82,-4.43,18.416,19.08,18.282,409850.97,535942.69,631918.16,2.05,0
2016-01-04,17.7,17.92,15.92,15.92,326338.31,-1.77,-10.01,17.756,18.78,18.268,382310.57,495919.49,624228.67,2.03,0
2016-01-05,15.0,15.76,15.38,14.81,442520.97,-0.54,-3.39,17.136,18.326,18.167,367671.34,458612.12,589815.58,2.75,0
2016-01-06,15.48,16.0,15.75,15.2,347162.56,0.37,2.41,16.65,17.871,18.105,357908.89,435372.25,572801.58,2.16,0
2016-01-07,15.4,15.42,14.18,14.18,118493.65,-1.57,-9.97,15.784,17.301,17.958,312873.72,377425.0,542600.52,0.74,0
2016-01-08,14.54,14.62,14.04,13.1,436386.0,-0.14,-0.99,15.054,16.735,17.845,334180.3,372015.64,539405.43,2.71,0
2016-01-11,13.77,14.3,13.45,13.18,382823.38,-0.59,-4.2,14.56,16.158,17.621,345477.31,363893.94,513139.89,2.38,0
2016-01-12,13.35,14.13,13.97,13.35,305661.09,0.52,3.87,14.278,15.707,17.423,318105.34,342888.34,490802.2,1.9,0
2016-01-13,14.16,14.3,13.77,13.76,295273.03,-0.2,-1.43,13.882,15.266,17.188,307727.43,332818.16,462382.14,1.84,0
2016-01-14,13.3,14.77,14.62,13.22,323194.06,0.85,6.17,13.97,14.877,17.01,348667.51,330770.61,452875.77,2.01,0
2016-01-15,14.49,14.79,13.93,13.81,247962.89,-0.69,-4.72,13.948,14.501,16.791,310982.89,322581.59,429262.14,1.54,0
2016-01-18,13.69,14.26,14.11,13.5,325470.34,0.18,1.29,14.08,14.32,16.55,299512.28,322494.8,409207.14,2.02,0
2016-01-19,14.01,14.57,14.51,13.95,428211.12,0.4,2.83,14.188,14.233,16.28,324022.29,321063.81,389837.97,2.66,0
2016-01-20,14.43,14.68,14.04,13.81,312638.56,-0.47,-3.24,14.242,14.062,15.967,327495.39,317611.41,376491.83,1.94,0
2016-01-21,13.76,14.13,13.5,13.5,206381.17,-0.54,-3.85,14.018,13.994,15.648,304132.82,326400.16,351912.58,1.28,0
2016-01-22,13.53,13.81,13.6,13.29,209319.8,0.1,0.74,13.952,13.95,15.343,296404.2,303693.54,337854.59,1.3,0
2016-01-25,13.79,14.0,13.91,13.62,205070.62,0.31,2.28,13.912,13.996,15.077,272324.25,285918.27,324906.1,1.21,0
2016-01-26,13.7,13.92,13.12,12.82,245447.0,-0.79,-5.68,13.634,13.911,14.809,235771.43,279896.86,311392.6,1.45,0
2016-01-27,13.2,13.84,13.84,12.69,244867.73,0.72,5.49,13.594,13.918,14.592,222217.26,274856.33,303837.24,1.45,0
2016-01-28,13.84,14.11,13.8,13.69,218009.42,-0.04,-0.29,13.654,13.836,14.357,224542.91,264337.87,297554.24,1.29,0
2016-01-29,13.9,14.52,14.29,13.68,193950.91,0.49,3.55,13.792,13.872,14.187,221469.14,258936.67,290759.13,1.15,0
2016-02-01,14.1,14.65,14.56,14.04,191341.88,0.27,1.89,13.922,13.917,14.119,218723.39,245523.82,284009.31,1.13,0
2016-02-02,14.5,15.03,14.91,14.36,185190.91,0.35,2.4,14.28,13.957,14.095,206672.17,221221.8,271142.81,1.09,0
2016-02-03,14.75,15.2,15.15,14.6,158692.98,0.24,1.61,14.542,14.068,14.065,189437.22,205827.24,261719.33,0.94,0
2016-02-04,15.16,15.36,15.15,14.92,180897.72,0.0,0.0,14.812,14.233,14.114,182014.88,203278.9,264839.53,1.07,0
2016-02-05,15.18,15.33,14.8,14.8,102161.63,-0.35,-2.31,14.914,14.353,14.152,163657.02,192563.08,248128.31,0.6,0
2016-02-15,13.67,14.48,14.2,13.67,85787.8,-0.6,-4.05,14.842,14.382,14.189,142546.21,180634.8,233276.53,0.51,0
2016-02-16,14.3,14.71,14.64,14.25,117345.52,0.44,3.1,14.788,14.534,14.223,128977.13,167824.65,223860.75,0.69,0
2016-02-17,14.65,14.74,14.64,14.38,121042.17,0.0,0.0,14.686,14.614,14.266,121446.97,155442.09,215149.21,0.72,0
2016-02-18,14.71,14.87,14.56,14.54,146570.81,-0.08,-0.55,14.568,14.69,14.263,114581.59,148298.23,206318.05,0.87,0
2016-02-19,14.53,14.68,14.38,14.25,122732.92,-0.18,-1.24,14.484,14.699,14.286,118695.84,141176.43,200056.55,0.73,0
2016-02-22,14.65,14.88,14.88,14.4,191179.09,0.5,3.48,14.62,14.731,14.324,139774.1,141160.16,193341.99,1.13,0
2016-02-23,14.89,14.9,14.43,14.06,213420.52,-0.45,-3.02,14.578,14.683,14.32,158989.1,143983.12,182602.46,1.26,0
2016-02-24,14.34,14.44,14.29,14.03,137737.44,-0.14,-0.97,14.508,14.597,14.333,162328.16,141887.56,173857.4,0.81,0
2016-02-25,14.23,14.26,12.9,12.86,192866.33,-1.39,-9.73,14.176,14.372,14.303,171587.26,143084.42,173181.66,1.14,0
2016-02-26,12.96,13.09,13.0,12.76,109675.6,0.1,0.78,13.9,14.192,14.273,168975.8,143835.82,168199.45,0.65,0
2016-02-29,13.0,13.1,12.29,11.71,123909.35,-0.71,-5.46,13.382,14.001,14.192,155521.85,147647.98,164141.39,0.73,0
2016-03-01,12.3,12.49,12.4,11.96,83598.58,0.11,0.9,12.976,13.777,14.156,129557.46,144273.28,156048.97,0.49,0
2016-03-02,12.41,12.99,12.99,12.2,121091.91,0.59,4.76,12.716,13.612,14.113,126228.35,144278.26,149860.17,0.72,0
2016-03-03,12.95,13.44,13.12,12.85,144987.48,0.13,1.0,12.76,13.468,14.079,116652.58,144119.92,146209.08,0.86,0
2016-03-04,13.11,13.24,12.53,12.48,164197.69,-0.59,-4.5,12.666,13.283,13.991,127557.0,148266.4,144721.42,0.97,0
2016-03-07,12.6,12.84,12.7,12.55,105314.06,0.17,1.36,12.748,13.065,13.898,123837.94,139679.9,140420.03,0.62,0
2016-03-08,12.71,12.75,12.47,12.04,98002.93,-0.23,-1.81,12.762,12.869,13.776,126718.81,128138.14,136060.63,0.58,0
2016-03-09,12.1,12.42,12.21,12.06,59560.98,-0.26,-2.08,12.606,12.661,13.629,114412.63,120320.49,131104.03,0.35,0
2016-03-10,12.16,12.35,12.08,12.02,66775.37,-0.13,-1.06,12.398,12.579,13.476,98770.21,107711.39,125397.91,0.39,0
2016-03-11,11.95,12.13,11.92,11.88,56720.07,-0.16,-1.32,12.276,12.471,13.332,77274.68,102415.84,123125.83,0.34,0
2016-03-14,12.06,12.45,12.21,12.01,144521.05,0.29,2.43,12.178,12.463,13.232,85116.08,104477.01,126062.49,0.85,0
2016-03-15,12.21,12.25,12.05,11.99,93792.21,-0.16,-1.31,12.094,12.428,13.103,84273.94,105496.37,124884.83,0.55,0
2016-03-16,12.07,12.18,11.95,11.86,66986.6,-0.1,-0.83,12.042,12.324,12.968,85759.06,100085.84,122182.05,0.4,0
2016-03-17,12.0,12.38,12.25,11.93,132306.12,0.3,2.51,12.076,12.237,12.853,98865.21,98817.71,121468.81,0.78,0
2016-03-18,12.49,12.74,12.67,12.32,182518.38,0.42,3.43,12.226,12.251,12.767,124024.87,100649.78,124458.09,1.08,0
2016-03-21,12.8,13.05,13.0,12.77,171761.38,0.33,2.6,12.384,12.281,12.673,129472.94,107294.51,123487.2,1.02,0
2016-03-22,12.92,13.17,12.92,12.81,147507.22,-0.08,-0.61,12.558,12.326,12.598,140215.94,112244.94,120191.54,0.87,0
2016-03-23,12.94,13.09,13.0,12.9,109664.43,0.08,0.62,12.768,12.405,12.533,148751.51,117255.28,118787.89,0.65,0
2016-03-24,12.93,12.96,12.68,12.68,134233.09,-0.32,-2.46,12.854,12.465,12.522,149136.9,124001.06,115856.23,0.79,0
2016-03-25,12.69,12.84,12.8,12.68,82832.03,0.12,0.95,12.88,12.553,12.512,129199.63,126612.25,114514.05,0.49,0
2016-03-28,12.83,13.25,13.07,12.82,216805.73,0.27,2.11,12.894,12.639,12.551,138208.5,133840.72,119158.87,1.28,0
2016-03-29,13.12,13.12,12.7,12.64,110980.3,-0.37,-2.83,12.85,12.704,12.566,130903.12,135559.53,120527.95,0.66,0
2016-03-30,12.85,13.03,13.01,12.78,88868.37,0.31,2.44,12.852,12.81,12.567,126743.9,137747.7,118916.77,0.53,0
2016-03-31,13.01,13.32,13.06,13.01,132386.52,0.05,0.38,12.928,12.891,12.564,126374.59,137755.74,118286.73,0.78,0
2016-04-01,13.07,13.1,13.0,12.84,75036.68,-0.06,-0.46,12.968,12.924,12.588,124815.52,127007.58,113828.68,0.44,0
2016-04-05,13.07,13.31,13.28,12.93,147448.94,0.28,2.15,13.01,12.952,12.617,110944.16,124576.33,115935.42,0.87,0
2016-04-06,13.28,13.58,13.51,13.16,181124.17,0.23,1.73,13.172,13.011,12.669,124972.94,127938.03,120091.48,1.07,0
2016-04-07,13.42,13.52,13.05,13.03,141205.36,-0.46,-3.4,13.18,13.016,12.711,135440.33,131092.12,124173.7,0.83,0
2016-04-08,13.02,13.12,13.0,12.83,87911.39,-0.05,-0.38,13.168,13.048,12.757,126545.31,126459.95,125230.5,0.52,0
2016-04-11,13.1,13.29,13.23,13.1,108861.59,0.23,1.77,13.214,13.091,12.822,133310.29,129062.9,127837.58,0.64,0
2016-04-12,13.2,13.22,13.02,12.92,67118.24,-0.21,-1.59,13.162,13.086,12.863,117244.15,114094.16,123967.44,0.4,0
2016-04-13,13.09,13.43,13.32,13.07,152479.72,0.3,2.3,13.124,13.148,12.926,111515.26,118244.1,126901.81,0.9,0
2016-04-14,13.29,13.48,13.38,13.23,85975.98,0.06,0.45,13.19,13.185,12.998,100469.38,117954.86,127851.28,0.51,0
2016-04-15,13.35,13.37,13.23,13.14,82337.81,-0.15,-1.12,13.236,13.202,13.047,99354.67,112949.99,125352.87,0.49,0
2016-04-18,13.15,13.15,13.0,12.93,77999.09,-0.23,-1.74,13.19,13.202,13.063,93182.17,113246.23,120126.9,0.46,0
2016-04-19,13.08,13.14,12.99,12.9,62984.85,-0.01,-0.08,13.184,13.173,13.063,92355.49,104799.82,114688.08,0.37,0
2016-04-20,13.0,13.06,12.12,11.96,176976.94,-0.87,-6.7,12.944,13.034,13.023,97254.93,104385.1,116161.56,1.05,0
2016-04-21,12.13,12.33,12.18,12.13,100424.31,0.06,0.49,12.704,12.947,12.982,100144.6,100306.99,115699.56,0.59,0
2016-04-22,12.13,12.42,12.34,12.13,61890.37,0.16,1.31,12.526,12.881,12.965,96055.11,97704.89,112082.42,0.37,0
2016-04-25,12.34,12.43,12.14,11.95,51913.2,-0.2,-1.62,12.354,12.772,12.932,90837.93,92010.05,110536.48,0.31,0
2016-04-26,12.16,12.3,12.24,12.1,51539.02,0.1,0.82,12.204,12.694,12.89,88548.77,90452.13,102273.14,0.3,0
2016-04-27,12.33,12.57,12.36,12.3,87455.89,0.12,0.98,12.252,12.598,12.873,70644.56,83949.75,101096.92,0.52,0
2016-04-28,12.36,12.43,12.3,12.05,60345.28,-0.06,-0.48,12.276,12.49,12.838,62628.75,81386.68,99670.77,0.36,0
2016-04-29,12.29,12.37,12.27,12.18,41944.38,-0.03,-0.24,12.262,12.394,12.798,58639.55,77347.33,95148.66,0.25,0
2016-05-03,12.25,12.63,12.61,12.23,103997.29,0.34,2.77,12.356,12.355,12.779,69056.37,79947.15,96596.69,0.61,0
2016-05-04,12.59,12.82,12.62,12.46,87522.91,0.01,0.08,12.432,12.318,12.746,76253.15,82400.96,93600.39,0.52,0
2016-05-05,12.62,13.37,13.29,12.61,267727.97,0.67,5.31,12.618,12.435,12.735,112307.57,91476.06,97930.58,1.58,0
2016-05-06,13.31,13.7,13.15,12.9,258577.12,-0.14,-1.05,12.788,12.532,12.74,151953.93,107291.34,103799.17,1.53,0
2016-05-09,13.1,13.3,13.14,12.79,191744.56,-0.01,-0.08,12.962,12.612,12.747,181913.97,120276.76,108990.83,1.13,0
2016-05-10,13.0,13.75,13.63,12.91,237367.89,0.49,3.73,13.166,12.761,12.767,208588.09,138822.23,115416.14,1.4,0
2016-05-11,13.57,14.17,14.03,13.55,320781.5,0.4,2.94,13.448,12.94,12.817,255239.81,165746.48,128099.3,1.9,0
2016-05-12,13.91,14.11,13.25,13.25,377377.91,-0.78,-5.56,13.44,13.029,12.814,277169.8,194738.68,139344.21,2.23,0
2016-05-13,13.05,13.43,13.42,12.87,195366.33,0.17,1.28,13.494,13.141,12.816,264527.64,208240.79,144813.73,1.15,0
2016-05-16,13.29,13.51,13.5,13.26,133156.62,0.08,0.6,13.566,13.264,12.829,252810.05,217362.01,147354.67,0.79,0
2016-05-17,13.54,13.57,13.1,13.1,126215.24,-0.4,-2.96,13.46,13.313,12.834,230579.52,219583.81,149765.48,0.75,0
2016-05-18,12.99,13.05,12.5,12.4,116517.94,-0.6,-4.58,13.154,13.301,12.81,189726.81,222483.31,152442.13,0.69,0
2016-05-19,12.55,12.69,12.39,12.3,101726.92,-0.11,-0.88,12.982,13.211,12.823,134596.61,205883.2,148679.63,0.6,0
2016-05-20,12.39,12.52,12.51,12.12,123762.36,0.12,0.97,12.8,13.147,12.84,120275.82,192401.73,149846.54,0.73,0
2016-05-23,12.45,12.67,12.6,12.45,107231.71,0.09,0.72,12.62,13.093,12.853,115090.83,183950.44,152113.6,0.63,0
2016-05-24,12.56,12.66,12.48,12.27,87887.03,-0.12,-0.95,12.496,12.978,12.87,107425.19,169002.36,153912.29,0.52,0
2016-05-25,12.55,12.63,12.41,12.3,77944.04,-0.07,-0.56,12.478,12.816,12.878,99710.41,144718.61,155232.54,0.46,0
2016-05-26,12.48,12.48,12.28,12.1,67034.4,-0.13,-1.05,12.456,12.719,12.874,92771.91,113684.26,154211.47,0.4,0
2016-05-27,12.3,12.5,12.35,12.22,77814.24,0.07,0.57,12.424,12.612,12.877,83582.28,101929.05,155084.92,0.46,0
2016-05-30,12.19,12.37,12.26,12.19,46116.3,-0.09,-0.73,12.356,12.488,12.876,71359.2,93225.02,155293.51,0.27,0
2016-05-31,12.28,12.71,12.67,12.28,175267.28,0.41,3.34,12.394,12.445,12.879,88835.25,98130.22,158857.01,1.04,0
2016-06-01,12.68,12.78,12.59,12.58,111532.78,-0.08,-0.63,12.43,12.454,12.878,95553.0,97631.71,160057.51,0.66,0
2016-06-02,12.59,12.66,12.62,12.51,85134.4,0.03,0.24,12.498,12.477,12.844,99173.0,95972.45,150927.83,0.5,0
2016-06-03,12.62,12.66,12.58,12.5,107347.08,-0.04,-0.32,12.544,12.484,12.816,105079.57,94330.93,143366.33,0.63,0
2016-06-06,12.61,12.74,12.6,12.47,86815.66,0.02,0.16,12.612,12.484,12.789,113219.44,92289.32,138119.88,0.51,0
2016-06-07,12.6,12.6,12.53,12.5,57930.85,-0.07,-0.56,12.584,12.489,12.734,89752.15,89293.7,129148.03,0.34,0
2016-06-08,12.56,12.56,12.39,12.3,92918.58,-0.14,-1.12,12.544,12.487,12.652,86029.31,90791.16,117754.88,0.55,0
2016-06-13,12.3,12.33,11.94,11.93,95929.16,-0.45,-3.63,12.408,12.453,12.586,88188.27,93680.63,103682.45,0.57,0
2016-06-14,11.94,12.0,11.91,11.83,58664.72,-0.03,-0.25,12.274,12.409,12.511,78451.79,91765.68,96847.37,0.35,0
2016-06-15,11.85,12.2,12.17,11.8,78729.85,0.26,2.18,12.188,12.4,12.444,76834.63,95027.04,94126.03,0.47,0
2016-06-16,12.16,12.16,11.98,11.91,68805.62,-0.19,-1.56,12.078,12.331,12.388,79009.59,84380.87,91255.55,0.41,0
2016-06-17,11.98,12.17,12.06,11.97,66403.31,0.08,0.67,12.012,12.278,12.366,73706.53,79867.92,88749.81,0.39,0
2016-06-20,12.06,12.35,12.28,11.98,98532.25,0.22,1.82,12.08,12.244,12.361,74227.15,81207.71,88590.08,0.58,0
2016-06-21,12.27,12.35,12.08,12.0,77245.27,-0.2,-1.63,12.114,12.194,12.339,77943.26,78197.53,86264.23,0.46,0
2016-06-22,12.01,12.17,12.16,11.99,50571.19,0.08,0.66,12.112,12.15,12.317,72311.53,74573.08,83431.2,0.3,0
2016-06-23,12.23,12.24,12.2,12.13,58286.72,0.04,0.33,12.156,12.117,12.303,70207.75,74608.67,81951.19,0.34,0
2016-06-24,12.2,12.26,12.07,11.81,82502.92,-0.13,-1.07,12.158,12.085,12.286,73427.67,73567.1,82179.13,0.49,0
2016-06-27,12.01,12.19,12.18,12.0,63620.08,0.16,1.33,12.138,12.109,12.281,66445.24,70336.19,82008.41,0.38,0
2016-06-28,12.11,12.39,12.27,12.11,87276.44,0.09,0.74,12.176,12.145,12.277,68451.47,73197.37,82481.52,0.52,0
2016-06-29,12.3,12.34,12.28,12.22,78736.34,0.01,0.08,12.2,12.156,12.278,74084.5,73198.01,84112.53,0.47,0
2016-06-30,12.3,12.34,12.16,12.14,84916.99,-0.12,-0.98,12.192,12.174,12.253,79410.55,74809.15,79595.01,0.5,0
2016-07-01,12.26,12.28,12.13,12.08,66740.75,-0.03,-0.25,12.204,12.181,12.23,76258.12,74842.89,77355.41,0.39,0
2016-07-04,12.08,12.41,12.36,12.03,112796.73,0.23,1.9,12.24,12.189,12.217,86093.45,76269.34,78738.53,0.67,0
2016-07-05,12.35,12.55,12.49,12.34,118103.95,0.13,1.05,12.284,12.23,12.212,92258.95,80355.21,79276.37,0.7,0
2016-07-06,12.43,12.68,12.62,12.39,133319.7,0.13,1.04,12.352,12.276,12.213,103175.62,88630.06,81601.57,0.79,0
2016-07-07,12.59,12.69,12.52,12.45,94225.65,-0.1,-0.79,12.424,12.308,12.213,105037.36,92223.96,83416.31,0.56,0
2016-07-08,12.52,12.56,12.46,12.37,73666.37,-0.06,-0.48,12.49,12.347,12.216,106422.48,91340.3,82453.7,0.44,0
2016-07-11,12.49,12.71,12.55,12.42,110234.81,0.09,0.72,12.528,12.384,12.247,105910.1,96001.77,83168.98,0.65,0
2016-07-12,12.55,12.7,12.69,12.27,125549.93,0.14,1.12,12.568,12.426,12.286,107399.29,99829.12,86513.24,0.74,0
2016-07-13,12.65,12.82,12.74,12.6,137751.31,0.05,0.39,12.592,12.472,12.314,108285.61,105730.62,89464.32,0.81,0
2016-07-14,12.79,12.84,12.68,12.6,78751.47,-0.06,-0.47,12.624,12.524,12.349,105190.78,105114.07,89961.61,0.47,0
2016-07-15,12.73,12.73,12.57,12.53,62270.8,-0.11,-0.87,12.646,12.568,12.375,102911.66,104667.07,89754.98,0.37,0
2016-07-18,12.58,12.7,12.61,12.44,68143.2,0.04,0.32,12.658,12.593,12.391,94493.34,100201.72,88235.53,0.4,0
2016-07-19,12.6,12.66,12.58,12.48,48354.53,-0.03,-0.24,12.636,12.602,12.416,79054.26,93226.78,86790.99,0.29,0
2016-07-20,12.58,12.72,12.62,12.5,76351.05,0.04,0.32,12.612,12.602,12.439,66774.21,87529.91,88079.99,0.45,0
2016-07-21,12.62,12.68,12.53,12.52,95867.44,-0.09,-0.71,12.582,12.603,12.456,70197.4,87694.09,89959.02,0.57,0
2016-07-22,12.55,12.6,12.4,12.39,75723.52,-0.13,-1.04,12.548,12.597,12.472,72887.95,87899.81,89620.05,0.45,0
2016-07-25,12.44,12.5,12.43,12.35,43734.86,0.03,0.24,12.512,12.585,12.485,68006.28,81249.81,88625.79,0.26,0
2016-07-26,12.47,12.53,12.52,12.41,81093.19,0.09,0.72,12.5,12.568,12.497,74554.01,76804.14,88316.63,0.48,0
2016-07-27,12.52,12.55,12.07,11.97,117615.11,-0.45,-3.59,12.39,12.501,12.487,82806.82,74790.52,90260.57,0.7,0
2016-07-28,12.06,12.18,12.08,11.94,72739.67,0.01,0.08,12.3,12.441,12.483,78181.27,74189.34,89651.7,0.43,0
2016-07-29,12.1,12.14,12.06,12.03,44751.4,-0.02,-0.17,12.232,12.39,12.479,71986.85,72437.4,88552.23,0.26,0
2016-08-01,12.06,12.1,12.07,11.91,55551.37,0.01,0.08,12.16,12.336,12.465,74350.15,71178.21,85689.97,0.33,0
2016-08-02,12.08,12.12,12.11,12.05,26810.39,0.04,0.33,12.078,12.289,12.446,63493.59,69023.8,81125.29,0.16,0
2016-08-03,12.11,12.33,12.23,12.05,77844.86,0.12,0.99,12.11,12.25,12.426,55539.54,69173.18,78351.55,0.46,0
2016-08-04,12.22,12.23,12.19,12.12,53734.71,-0.04,-0.33,12.132,12.216,12.41,51738.55,64959.91,76327.0,0.32,0
2016-08-05,12.25,12.36,12.24,12.19,69674.33,0.05,0.41,12.168,12.2,12.399,56723.13,64354.99,76127.4,0.41,0
2016-08-08,12.25,12.4,12.38,12.2,86871.7,0.14,1.14,12.23,12.195,12.39,62987.2,68668.67,74959.24,0.51,0
2016-08-09,12.38,12.52,12.49,12.33,94261.16,0.11,0.89,12.306,12.192,12.38,76477.35,69985.47,73394.8,0.56,0
2016-08-10,12.46,12.48,12.35,12.33,69473.3,-0.14,-1.12,12.33,12.22,12.361,74803.04,65171.29,69980.9,0.41,0
2016-08-11,12.31,12.45,12.27,12.27,44111.95,-0.08,-0.65,12.346,12.239,12.34,72878.49,62308.52,68248.93,0.26,0
2016-08-12,12.28,12.94,12.78,12.22,246175.95,0.51,4.16,12.454,12.311,12.351,108178.81,82450.97,77444.18,1.46,0
2016-08-15,12.75,13.1,12.99,12.7,260338.91,0.21,1.64,12.576,12.403,12.37,142872.25,102929.73,87053.97,1.54,0
2016-08-16,13.11,13.3,13.04,12.92,180026.81,0.05,0.39,12.686,12.496,12.393,160025.38,118251.37,93637.58,1.06,0
2016-08-17,12.95,13.09,12.94,12.9,129004.02,-0.1,-0.77,12.804,12.567,12.409,171931.53,123367.28,96270.23,0.76,0
2016-08-18,12.98,13.83,13.34,12.92,316211.22,0.4,3.09,13.018,12.682,12.449,226351.38,149614.94,107287.42,1.87,0
2016-08-19,13.34,13.46,13.16,13.06,156240.67,-0.18,-1.35,13.094,12.774,12.487,208364.33,158271.57,111313.28,0.92,0
2016-08-22,13.05,13.17,12.78,12.7,170269.88,-0.38,-2.89,13.052,12.814,12.505,190350.52,166611.39,117640.03,1.01,0
2016-08-23,12.71,12.85,12.74,12.65,79272.75,-0.04,-0.31,12.992,12.839,12.516,170199.71,165112.55,117549.01,0.47,0
2016-08-24,12.73,12.93,12.66,12.61,72402.21,-0.08,-0.63,12.936,12.87,12.545,158879.35,165405.44,115288.36,0.43,0
2016-08-25,12.53,12.56,12.42,12.29,126124.92,-0.24,-1.9,12.752,12.885,12.562,120862.09,173606.73,117957.63,0.75,0
2016-08-26,12.46,12.54,12.43,12.41,65729.2,0.01,0.08,12.606,12.85,12.581,102759.79,155562.06,119006.52,0.39,0
2016-08-29,12.4,12.48,12.43,12.36,57241.31,0.0,0.0,12.536,12.794,12.599,80154.08,135252.3,119091.01,0.34,0
2016-08-30,12.35,12.49,12.42,12.35,47812.94,-0.01,-0.08,12.472,12.732,12.614,73862.12,122030.91,120141.14,0.28,0
2016-08-31,12.42,12.64,12.58,12.38,95525.9,0.16,1.29,12.456,12.696,12.632,78486.85,118683.1,121025.19,0.56,0
2016-09-01,12.55,12.75,12.46,12.45,105647.31,-0.12,-0.95,12.464,12.608,12.645,74391.33,97626.71,123620.82,0.62,0
2016-09-02,12.42,12.63,12.57,12.37,59293.61,0.11,0.88,12.492,12.549,12.662,73104.21,87932.0,123101.79,0.35,0
2016-09-05,12.55,12.62,12.52,12.5,49277.67,-0.05,-0.4,12.51,12.523,12.669,71511.49,75832.78,121222.08,0.29,0
2016-09-06,12.55,12.61,12.59,12.37,62709.45,0.07,0.56,12.544,12.508,12.674,74490.79,74176.45,119644.5,0.37,0
2016-09-07,12.61,12.78,12.6,12.58,88679.02,0.01,0.08,12.548,12.502,12.686,73121.41,75804.13,120604.79,0.52,0
2016-09-08,12.6,12.65,12.64,12.55,43239.62,0.04,0.32,12.584,12.524,12.705,60639.87,67515.6,120561.17,0.26,0
2016-09-09,12.69,12.71,12.5,12.47,53938.72,-0.14,-1.11,12.57,12.531,12.691,59568.9,66336.56,110949.31,0.32,0
2016-09-12,12.31,12.42,12.27,12.24,74560.25,-0.23,-1.84,12.52,12.515,12.655,64625.41,68068.45,101660.37,0.44,0
2016-09-13,12.29,12.36,12.32,12.29,28215.07,0.05,0.41,12.466,12.505,12.619,57726.54,66108.66,94069.79,0.17,0
2016-09-14,12.3,12.41,12.38,12.26,39194.34,0.06,0.49,12.422,12.485,12.591,47829.6,60475.51,89579.3,0.23,0
2016-09-19,12.39,12.43,12.39,12.3,34463.5,0.01,0.08,12.372,12.478,12.543,46074.38,53357.13,75491.92,0.2,0
2016-09-20,12.45,12.45,12.37,12.33,22200.0,-0.02,-0.16,12.346,12.458,12.504,39726.63,49647.76,68789.88,0.13,0
2016-09-21,12.4,12.44,12.38,12.3,36161.26,0.01,0.08,12.368,12.444,12.484,32046.83,48336.12,62084.45,0.21,0
2016-09-22,12.45,12.58,12.53,12.4,69604.34,0.15,1.21,12.41,12.438,12.473,40324.69,49025.61,61601.03,0.41,0
2016-09-23,12.53,12.53,12.48,12.43,29039.15,-0.05,-0.4,12.43,12.426,12.464,38293.65,43061.63,59432.88,0.17,0
2016-09-26,12.44,12.47,12.18,12.15,50489.32,-0.3,-2.4,12.388,12.38,12.452,41498.81,43786.6,55651.1,0.3,0
2016-09-27,12.11,12.22,12.08,11.97,86488.41,-0.1,-0.82,12.33,12.338,12.435,54356.5,47041.56,56689.06,0.51,0
2016-09-28,12.1,12.1,12.0,11.98,41340.26,-0.08,-0.66,12.254,12.311,12.413,55392.3,43719.56,55894.01,0.24,0
2016-09-29,12.03,12.1,12.07,11.98,34636.96,0.07,0.58,12.162,12.286,12.396,48398.82,44361.75,55235.21,0.2,0
2016-09-30,12.07,12.19,12.1,12.03,43246.2,0.03,0.25,12.086,12.258,12.372,51240.23,44766.94,52621.22,0.26,0
2016-10-10,12.22,12.32,12.26,12.13,70886.07,0.16,1.32,12.102,12.245,12.362,55319.58,48409.2,50883.16,0.42,0
2016-10-11,12.27,12.4,12.35,12.2,62501.33,0.09,0.73,12.156,12.243,12.351,50522.16,52439.33,51043.55,0.37,0
2016-10-12,12.31,12.4,12.38,12.23,65358.89,0.03,0.24,12.232,12.243,12.344,55325.89,55359.09,51847.61,0.39,0
2016-10-13,12.38,12.43,12.36,12.31,46274.1,-0.02,-0.16,12.29,12.226,12.332,57653.32,53026.07,51025.84,0.27,0
2016-10-14,12.41,12.44,12.3,12.22,59977.27,-0.06,-0.48,12.33,12.208,12.317,60999.53,56119.88,49590.75,0.35,0
2016-10-17,12.24,12.37,12.28,12.22,56015.31,-0.02,-0.16,12.334,12.218,12.299,58025.38,56672.48,50229.54,0.33,0
2016-10-18,12.28,12.4,12.39,12.23,58745.87,0.11,0.9,12.342,12.249,12.294,57274.29,53898.23,50469.9,0.35,0
